k_bad,instance,strategy,growth
0,0,naive_kelly,0.045270346290223036
0,0,robust_G0,0.04517587547531262
0,0,robust_G1,0.02704935149549455
0,0,robust_G2,0.014076056086217028
0,0,robust_G3,0.002755451580834631
0,0,robust_G6,0.002755451580834631
0,0,equal_weight,0.038220862634808256
0,0,oracle_kelly,0.0481025575936884
0,1,naive_kelly,0.08670072936801526
0,1,robust_G0,0.08664498481440956
0,1,robust_G1,0.08789587978040504
0,1,robust_G2,0.07522736175610041
0,1,robust_G3,0.05777423155730982
0,1,robust_G6,0.007961378441654263
0,1,equal_weight,0.08608494921435658
0,1,oracle_kelly,0.095481957389854
0,2,naive_kelly,0.047242484925696854
0,2,robust_G0,0.046957133379252274
0,2,robust_G1,0.04133009144213848
0,2,robust_G2,0.02944443502689326
0,2,robust_G3,0.014106621310825136
0,2,robust_G6,0.0
0,2,equal_weight,0.04769957006204583
0,2,oracle_kelly,0.049206137986264206
0,3,naive_kelly,0.05949495328609164
0,3,robust_G0,0.05983903565989364
0,3,robust_G1,0.058965253688185774
0,3,robust_G2,0.049111313530615985
0,3,robust_G3,0.03619623446506333
0,3,robust_G6,0.01459402832033729
0,3,equal_weight,0.05313269168550137
0,3,oracle_kelly,0.06197971367599541
0,4,naive_kelly,0.06913468112438503
0,4,robust_G0,0.06913144098271146
0,4,robust_G1,0.06552101075914495
0,4,robust_G2,0.05425576864333088
0,4,robust_G3,0.03803878438243197
0,4,robust_G6,0.016582694109836805
0,4,equal_weight,0.058539472513368
0,4,oracle_kelly,0.06926150005762668
0,5,naive_kelly,0.0365253575146092
0,5,robust_G0,0.036628914305250615
0,5,robust_G1,0.02991541361610813
0,5,robust_G2,0.02411964379871217
0,5,robust_G3,0.012521028266431432
0,5,robust_G6,0.0
0,5,equal_weight,0.023460826820335328
0,5,oracle_kelly,0.03903274290787408
0,6,naive_kelly,0.10292065967915032
0,6,robust_G0,0.10256994346676952
0,6,robust_G1,0.08910259612505615
0,6,robust_G2,0.08073982738423505
0,6,robust_G3,0.06385589609602282
0,6,robust_G6,0.016136921042318148
0,6,equal_weight,0.09877488175770333
0,6,oracle_kelly,0.10646303401880858
0,7,naive_kelly,0.049769709460993045
0,7,robust_G0,0.04960377777178159
0,7,robust_G1,0.051414995978771826
0,7,robust_G2,0.039394164365438564
0,7,robust_G3,0.02162998558868575
0,7,robust_G6,0.0017242066753705822
0,7,equal_weight,0.04316287018834789
0,7,oracle_kelly,0.05886581181188098
0,8,naive_kelly,0.081594001927575
0,8,robust_G0,0.0814519822007787
0,8,robust_G1,0.08414046153602024
0,8,robust_G2,0.08452357653014425
0,8,robust_G3,0.08397740566321764
0,8,robust_G6,0.03382731537579041
0,8,equal_weight,0.08073713490847031
0,8,oracle_kelly,0.09023061787609585
0,9,naive_kelly,0.059461387659878254
0,9,robust_G0,0.05944885824399717
0,9,robust_G1,0.061466570647637775
0,9,robust_G2,0.05601079393523778
0,9,robust_G3,0.040468717112950386
0,9,robust_G6,0.016385102207034923
0,9,equal_weight,0.06137721969978256
0,9,oracle_kelly,0.0657050500069714
0,10,naive_kelly,0.036792660913958525
0,10,robust_G0,0.03681797016357522
0,10,robust_G1,0.035075917787809364
0,10,robust_G2,0.022261683878742104
0,10,robust_G3,0.013397693832941392
0,10,robust_G6,0.013397693832941392
0,10,equal_weight,0.027052783323034447
0,10,oracle_kelly,0.03994470343938203
0,11,naive_kelly,0.04425216368068595
0,11,robust_G0,0.0443207983089345
0,11,robust_G1,0.04654184829805441
0,11,robust_G2,0.03814558315787401
0,11,robust_G3,0.025163735216758736
0,11,robust_G6,0.0074223778410682645
0,11,equal_weight,0.03787403548201196
0,11,oracle_kelly,0.04956268829597114
0,12,naive_kelly,0.11369969233641992
0,12,robust_G0,0.11337461516486982
0,12,robust_G1,0.11102427712005883
0,12,robust_G2,0.10442040982530346
0,12,robust_G3,0.09688027571170793
0,12,robust_G6,0.03476624413106692
0,12,equal_weight,0.11126389841260056
0,12,oracle_kelly,0.11483484999367602
0,13,naive_kelly,0.06996655136721691
0,13,robust_G0,0.07062027767105618
0,13,robust_G1,0.062332447882030434
0,13,robust_G2,0.05012832986001605
0,13,robust_G3,0.038693782988644065
0,13,robust_G6,0.025502035407568808
0,13,equal_weight,0.07273894300174973
0,13,oracle_kelly,0.07994095637556517
0,14,naive_kelly,0.04964008745548711
0,14,robust_G0,0.050241831946314625
0,14,robust_G1,0.04691056274448349
0,14,robust_G2,0.034037147193789495
0,14,robust_G3,0.014999755155937596
0,14,robust_G6,0.002185900812851339
0,14,equal_weight,0.05014842753600248
0,14,oracle_kelly,0.05415717991814779
0,15,naive_kelly,0.06037082311180268
0,15,robust_G0,0.06062158092018719
0,15,robust_G1,0.052552698551882424
0,15,robust_G2,0.037631182973790686
0,15,robust_G3,0.00617228087352226
0,15,robust_G6,0.0
0,15,equal_weight,0.04773955558993579
0,15,oracle_kelly,0.06457756577616243
0,16,naive_kelly,0.023503336325212024
0,16,robust_G0,0.023266882672269812
0,16,robust_G1,0.01390013810303215
0,16,robust_G2,0.0
0,16,robust_G3,0.0
0,16,robust_G6,0.0
0,16,equal_weight,0.012822962700047631
0,16,oracle_kelly,0.025635717392543868
0,17,naive_kelly,0.07797459953697393
0,17,robust_G0,0.07845133182864131
0,17,robust_G1,0.08509474604472661
0,17,robust_G2,0.081112844845077
0,17,robust_G3,0.08020219153712574
0,17,robust_G6,0.0620563223037926
0,17,equal_weight,0.07146606127066096
0,17,oracle_kelly,0.08545433359400093
0,18,naive_kelly,0.1063401777529894
0,18,robust_G0,0.10617578470608982
0,18,robust_G1,0.09870948715084986
0,18,robust_G2,0.0868609886378525
0,18,robust_G3,0.07429266575325373
0,18,robust_G6,0.03240586232433293
0,18,equal_weight,0.09584408123390238
0,18,oracle_kelly,0.1079763785999201
0,19,naive_kelly,0.07089009560702897
0,19,robust_G0,0.07050097067764362
0,19,robust_G1,0.06320807188768107
0,19,robust_G2,0.04967066780955749
0,19,robust_G3,0.025152331278208012
0,19,robust_G6,0.005660302257538143
0,19,equal_weight,0.071614239960918
0,19,oracle_kelly,0.07465823359290638
0,20,naive_kelly,0.07325707132103004
0,20,robust_G0,0.0733668837775115
0,20,robust_G1,0.0680594062551034
0,20,robust_G2,0.05962553680560421
0,20,robust_G3,0.05308796184636769
0,20,robust_G6,0.03167188981202601
0,20,equal_weight,0.0612310083616587
0,20,oracle_kelly,0.07622705641865479
0,21,naive_kelly,0.04913675063699891
0,21,robust_G0,0.049026182336857974
0,21,robust_G1,0.04596749113265031
0,21,robust_G2,0.033906720205080884
0,21,robust_G3,0.01976924957851462
0,21,robust_G6,0.01976924957851462
0,21,equal_weight,0.02777319401446839
0,21,oracle_kelly,0.053859088489751586
0,22,naive_kelly,0.04497398869298115
0,22,robust_G0,0.04508436822121521
0,22,robust_G1,0.044507852538929304
0,22,robust_G2,0.032610200713943445
0,22,robust_G3,0.012701194551364293
0,22,robust_G6,0.0
0,22,equal_weight,0.0422023077145172
0,22,oracle_kelly,0.05307830081063551
0,23,naive_kelly,0.07189158311160265
0,23,robust_G0,0.07167013843812836
0,23,robust_G1,0.06476543211632717
0,23,robust_G2,0.04487652070822642
0,23,robust_G3,0.023884313251388338
0,23,robust_G6,0.0007227450050050975
0,23,equal_weight,0.06600187880360442
0,23,oracle_kelly,0.07423047362472399
0,24,naive_kelly,0.06682242542681925
0,24,robust_G0,0.06661949098420121
0,24,robust_G1,0.06048633822761994
0,24,robust_G2,0.056150014945277424
0,24,robust_G3,0.04431269624224974
0,24,robust_G6,0.00035907966287538164
0,24,equal_weight,0.0560494911508481
0,24,oracle_kelly,0.06769142396515433
0,25,naive_kelly,0.05925296412103316
0,25,robust_G0,0.05967109997246029
0,25,robust_G1,0.05678037101738876
0,25,robust_G2,0.05072282723913736
0,25,robust_G3,0.04292393790775389
0,25,robust_G6,0.020981651406574403
0,25,equal_weight,0.05627063357186669
0,25,oracle_kelly,0.06275335464250673
0,26,naive_kelly,0.08533791866964115
0,26,robust_G0,0.0854720503224447
0,26,robust_G1,0.07533724356646938
0,26,robust_G2,0.06494954246002378
0,26,robust_G3,0.04859374894654331
0,26,robust_G6,0.003739576344763831
0,26,equal_weight,0.07240436459890809
0,26,oracle_kelly,0.0868598042661799
0,27,naive_kelly,0.08042643131062624
0,27,robust_G0,0.08058589578860598
0,27,robust_G1,0.07828894102499068
0,27,robust_G2,0.07126509292464611
0,27,robust_G3,0.06089720478246094
0,27,robust_G6,0.0210084044697535
0,27,equal_weight,0.07838455912760112
0,27,oracle_kelly,0.08307448079644399
0,28,naive_kelly,0.06466826416512948
0,28,robust_G0,0.06462843193719525
0,28,robust_G1,0.06220383066535744
0,28,robust_G2,0.03339039351411346
0,28,robust_G3,0.008083004528822432
0,28,robust_G6,0.006742828529807102
0,28,equal_weight,0.04824420872722657
0,28,oracle_kelly,0.06872068410897644
0,29,naive_kelly,0.08000801734339427
0,29,robust_G0,0.08011155317561228
0,29,robust_G1,0.07637874822698595
0,29,robust_G2,0.059276738976862524
0,29,robust_G3,0.03948193259157298
0,29,robust_G6,0.01521726860627406
0,29,equal_weight,0.06768629604645891
0,29,oracle_kelly,0.08141696535705852
0,30,naive_kelly,0.06551169250925948
0,30,robust_G0,0.06509744078859511
0,30,robust_G1,0.06011096042098697
0,30,robust_G2,0.053785381402188845
0,30,robust_G3,0.031057811358385617
0,30,robust_G6,0.006260086560654684
0,30,equal_weight,0.06161199379057316
0,30,oracle_kelly,0.0749110773705895
0,31,naive_kelly,0.07998191534861583
0,31,robust_G0,0.07971958604995008
0,31,robust_G1,0.07273616363128108
0,31,robust_G2,0.06509891273638345
0,31,robust_G3,0.04952716847683003
0,31,robust_G6,0.02789134275169865
0,31,equal_weight,0.07215375340722413
0,31,oracle_kelly,0.08149028672653899
0,32,naive_kelly,0.08647858673800823
0,32,robust_G0,0.08647906509387
0,32,robust_G1,0.08608745184799418
0,32,robust_G2,0.084649552967963
0,32,robust_G3,0.084649552967963
0,32,robust_G6,0.026544657380306303
0,32,equal_weight,0.0837989684972791
0,32,oracle_kelly,0.08781745997245778
0,33,naive_kelly,0.06553196505548062
0,33,robust_G0,0.06579082375944155
0,33,robust_G1,0.06476111778660316
0,33,robust_G2,0.05853655241236075
0,33,robust_G3,0.04794098067641559
0,33,robust_G6,0.014794048376919338
0,33,equal_weight,0.05324660762860871
0,33,oracle_kelly,0.071023205308204
0,34,naive_kelly,0.08484817315463317
0,34,robust_G0,0.08472599208668513
0,34,robust_G1,0.0843728301356899
0,34,robust_G2,0.08139572122727788
0,34,robust_G3,0.0703505347855145
0,34,robust_G6,0.032029976509315106
0,34,equal_weight,0.07865635604842086
0,34,oracle_kelly,0.08694012616817733
0,35,naive_kelly,0.0930779973783498
0,35,robust_G0,0.09187976114908147
0,35,robust_G1,0.09490348640804058
0,35,robust_G2,0.08380871281508236
0,35,robust_G3,0.06118070358530557
0,35,robust_G6,0.03517310508894751
0,35,equal_weight,0.08696011854397853
0,35,oracle_kelly,0.09979996127346924
0,36,naive_kelly,0.05321781424707963
0,36,robust_G0,0.053128173658746995
0,36,robust_G1,0.04421444807896455
0,36,robust_G2,0.03837765442577911
0,36,robust_G3,0.02651217457444698
0,36,robust_G6,0.010845624247380593
0,36,equal_weight,0.038307134114506
0,36,oracle_kelly,0.0584708889744044
0,37,naive_kelly,0.07692891880897573
0,37,robust_G0,0.07673288894419136
0,37,robust_G1,0.06146885748729237
0,37,robust_G2,0.046944547262904646
0,37,robust_G3,0.028008694756994374
0,37,robust_G6,0.0042123045849697715
0,37,equal_weight,0.07547209193163489
0,37,oracle_kelly,0.07993915910344424
0,38,naive_kelly,0.09221110597935796
0,38,robust_G0,0.09194533168499988
0,38,robust_G1,0.09445480883327118
0,38,robust_G2,0.0904552850588895
0,38,robust_G3,0.06587373460051782
0,38,robust_G6,0.01355244405740733
0,38,equal_weight,0.07880840692944434
0,38,oracle_kelly,0.09547236776869421
0,39,naive_kelly,0.07405499473995622
0,39,robust_G0,0.07407767770099444
0,39,robust_G1,0.06826521201367358
0,39,robust_G2,0.05621291926693337
0,39,robust_G3,0.041751951346246215
0,39,robust_G6,0.018294894025680027
0,39,equal_weight,0.07333400927992809
0,39,oracle_kelly,0.07785499785704805
0,40,naive_kelly,0.09358207801692096
0,40,robust_G0,0.09346321797459742
0,40,robust_G1,0.07773826510617929
0,40,robust_G2,0.07371143605049563
0,40,robust_G3,0.05678416278346501
0,40,robust_G6,0.0062893014293908325
0,40,equal_weight,0.09294358507680724
0,40,oracle_kelly,0.09537961898950215
0,41,naive_kelly,0.08192544196083915
0,41,robust_G0,0.08218445571298885
0,41,robust_G1,0.07667754670186684
0,41,robust_G2,0.061665335890133406
0,41,robust_G3,0.03163363890278818
0,41,robust_G6,0.0195813737359135
0,41,equal_weight,0.07197440288850956
0,41,oracle_kelly,0.08801012947878067
0,42,naive_kelly,0.06591686458352417
0,42,robust_G0,0.06623329223096233
0,42,robust_G1,0.057395394370162604
0,42,robust_G2,0.042292927811331454
0,42,robust_G3,0.01903272759978312
0,42,robust_G6,0.00855224928842958
0,42,equal_weight,0.05487719626529704
0,42,oracle_kelly,0.06933202284739587
0,43,naive_kelly,0.06016768002876042
0,43,robust_G0,0.05995561934955036
0,43,robust_G1,0.05059300780813754
0,43,robust_G2,0.03311023933581241
0,43,robust_G3,0.016564518065321283
0,43,robust_G6,0.0
0,43,equal_weight,0.05651731557781217
0,43,oracle_kelly,0.06115509750988521
0,44,naive_kelly,0.07148920391048876
0,44,robust_G0,0.07166853748219039
0,44,robust_G1,0.06696027381419098
0,44,robust_G2,0.04086083823541098
0,44,robust_G3,0.021647863632869628
0,44,robust_G6,0.0049220173010966805
0,44,equal_weight,0.06291065318284383
0,44,oracle_kelly,0.07708482842161438
0,45,naive_kelly,0.08753608597870363
0,45,robust_G0,0.08823939314944103
0,45,robust_G1,0.07980301089018266
0,45,robust_G2,0.060822386832795894
0,45,robust_G3,0.027783546998653045
0,45,robust_G6,0.005878019094595828
0,45,equal_weight,0.0804801850444902
0,45,oracle_kelly,0.09101044181864815
0,46,naive_kelly,0.05299984178174478
0,46,robust_G0,0.052907587983255316
0,46,robust_G1,0.05121306183085149
0,46,robust_G2,0.03305836881657075
0,46,robust_G3,0.004889953164095259
0,46,robust_G6,0.0002585449997256514
0,46,equal_weight,0.04825914091157793
0,46,oracle_kelly,0.0562396595913859
0,47,naive_kelly,0.07926636454990174
0,47,robust_G0,0.07936501427597395
0,47,robust_G1,0.07123884110772584
0,47,robust_G2,0.06362637219432493
0,47,robust_G3,0.05445554854359748
0,47,robust_G6,0.036925070686842115
0,47,equal_weight,0.059956993058447254
0,47,oracle_kelly,0.08045213523007305
0,48,naive_kelly,0.03269298682163646
0,48,robust_G0,0.03269053108302686
0,48,robust_G1,0.03027035308142379
0,48,robust_G2,0.017662883793583103
0,48,robust_G3,0.0030443439003224005
0,48,robust_G6,0.0030443439003224005
0,48,equal_weight,0.020337690725331672
0,48,oracle_kelly,0.039929325902187646
0,49,naive_kelly,0.0534954771700488
0,49,robust_G0,0.05387118623466462
0,49,robust_G1,0.05471959328078608
0,49,robust_G2,0.052549379576560425
0,49,robust_G3,0.039761168074976545
0,49,robust_G6,0.018430465267168322
0,49,equal_weight,0.04514717982669061
0,49,oracle_kelly,0.05816321261148302
0,50,naive_kelly,0.09291632616080889
0,50,robust_G0,0.092974249805748
0,50,robust_G1,0.08296269126413211
0,50,robust_G2,0.06220516210458265
0,50,robust_G3,0.03517771542225415
0,50,robust_G6,0.0034133754781205906
0,50,equal_weight,0.0951749476760395
0,50,oracle_kelly,0.09689560672800257
0,51,naive_kelly,0.07429148608346996
0,51,robust_G0,0.07394153173140156
0,51,robust_G1,0.06231661058467719
0,51,robust_G2,0.05039360060262146
0,51,robust_G3,0.03102560012821067
0,51,robust_G6,0.0024199169614576273
0,51,equal_weight,0.07367695883546785
0,51,oracle_kelly,0.0771116035002871
0,52,naive_kelly,0.09033768778039572
0,52,robust_G0,0.09009174914253462
0,52,robust_G1,0.08457305605604493
0,52,robust_G2,0.08206939667235472
0,52,robust_G3,0.06810034277462075
0,52,robust_G6,0.018372903385952002
0,52,equal_weight,0.08800300339979124
0,52,oracle_kelly,0.0959902981375024
0,53,naive_kelly,0.10076136030929078
0,53,robust_G0,0.100568097927521
0,53,robust_G1,0.09482938615919144
0,53,robust_G2,0.08503217903196485
0,53,robust_G3,0.06467223045072659
0,53,robust_G6,0.001692374421626573
0,53,equal_weight,0.09560329999116832
0,53,oracle_kelly,0.10860502414418594
0,54,naive_kelly,0.06967027077020971
0,54,robust_G0,0.06931393818289816
0,54,robust_G1,0.0701119149379294
0,54,robust_G2,0.07093424020414749
0,54,robust_G3,0.07069019863269048
0,54,robust_G6,0.045109432470980676
0,54,equal_weight,0.057556289065230776
0,54,oracle_kelly,0.07258527058499561
0,55,naive_kelly,0.066348206647027
0,55,robust_G0,0.06598319278777458
0,55,robust_G1,0.06638793967273202
0,55,robust_G2,0.05255096860344617
0,55,robust_G3,0.03295512906440273
0,55,robust_G6,0.014907332396854942
0,55,equal_weight,0.06351219526979261
0,55,oracle_kelly,0.06884089384668528
0,56,naive_kelly,0.10084500021375821
0,56,robust_G0,0.10064912059739074
0,56,robust_G1,0.0896494957566286
0,56,robust_G2,0.06676846291638985
0,56,robust_G3,0.039967654304834906
0,56,robust_G6,0.012334995512022195
0,56,equal_weight,0.09691568293967856
0,56,oracle_kelly,0.10252925444037575
0,57,naive_kelly,0.09929700277300231
0,57,robust_G0,0.09933219576043925
0,57,robust_G1,0.09350738396184063
0,57,robust_G2,0.09364462866708517
0,57,robust_G3,0.09370783701930221
0,57,robust_G6,0.05010990620282333
0,57,equal_weight,0.09838648858440148
0,57,oracle_kelly,0.1019065368558539
0,58,naive_kelly,0.05780302673011417
0,58,robust_G0,0.05793256115866883
0,58,robust_G1,0.05521145966877192
0,58,robust_G2,0.04406722189583771
0,58,robust_G3,0.027141137003113748
0,58,robust_G6,0.01440420455829388
0,58,equal_weight,0.049088003998590604
0,58,oracle_kelly,0.05891309142302882
0,59,naive_kelly,0.06042102117311874
0,59,robust_G0,0.060197928265089545
0,59,robust_G1,0.06145356013294606
0,59,robust_G2,0.04940909256572182
0,59,robust_G3,0.022923396115294377
0,59,robust_G6,0.010169284337343938
0,59,equal_weight,0.05254122729381835
0,59,oracle_kelly,0.06572587270743771
0,60,naive_kelly,0.052556265149038675
0,60,robust_G0,0.052641212883259056
0,60,robust_G1,0.05504858739709753
0,60,robust_G2,0.04303139973798854
0,60,robust_G3,0.018005993170026543
0,60,robust_G6,0.002658373337672407
0,60,equal_weight,0.05190508583523408
0,60,oracle_kelly,0.06057565673455092
0,61,naive_kelly,0.0678532201021696
0,61,robust_G0,0.06759825492893778
0,61,robust_G1,0.06675731096159264
0,61,robust_G2,0.05855657369264967
0,61,robust_G3,0.044625944795096906
0,61,robust_G6,0.00893347602670615
0,61,equal_weight,0.0658468633525958
0,61,oracle_kelly,0.06993680465406851
0,62,naive_kelly,0.0630400027200289
0,62,robust_G0,0.06290132971390551
0,62,robust_G1,0.0606169825598072
0,62,robust_G2,0.04493344011346748
0,62,robust_G3,0.03432056281669131
0,62,robust_G6,0.01847370458481211
0,62,equal_weight,0.05349183244578948
0,62,oracle_kelly,0.06835424898871684
0,63,naive_kelly,0.0625143627380716
0,63,robust_G0,0.06275314982439942
0,63,robust_G1,0.062100037321660695
0,63,robust_G2,0.058174282881453515
0,63,robust_G3,0.044181974922075797
0,63,robust_G6,0.027814642493627695
0,63,equal_weight,0.05062296601680926
0,63,oracle_kelly,0.0651733608167483
0,64,naive_kelly,0.06392256296661031
0,64,robust_G0,0.0634424112092293
0,64,robust_G1,0.06326132394267359
0,64,robust_G2,0.05357812447230739
0,64,robust_G3,0.041596564041540225
0,64,robust_G6,0.01973254928436185
0,64,equal_weight,0.06671680186827655
0,64,oracle_kelly,0.07426868555809624
0,65,naive_kelly,0.03307082675653161
0,65,robust_G0,0.03294188860604445
0,65,robust_G1,0.020699354377983245
0,65,robust_G2,0.006097343711269406
0,65,robust_G3,0.0
0,65,robust_G6,0.0
0,65,equal_weight,0.02636835171816691
0,65,oracle_kelly,0.038364292927700314
0,66,naive_kelly,0.052895566619230984
0,66,robust_G0,0.053269957150295824
0,66,robust_G1,0.0608948671899101
0,66,robust_G2,0.056343550274038846
0,66,robust_G3,0.040197121078388576
0,66,robust_G6,0.024614657257862015
0,66,equal_weight,0.053879594707017225
0,66,oracle_kelly,0.06362541714419917
0,67,naive_kelly,0.06388162702663172
0,67,robust_G0,0.06409308458948662
0,67,robust_G1,0.06186844285694323
0,67,robust_G2,0.04843618503958424
0,67,robust_G3,0.02776977037716461
0,67,robust_G6,0.006070108902818217
0,67,equal_weight,0.06662034622159198
0,67,oracle_kelly,0.07077984580201985
0,68,naive_kelly,0.070512028971132
0,68,robust_G0,0.0706939049011159
0,68,robust_G1,0.07466619450491227
0,68,robust_G2,0.06266018374372587
0,68,robust_G3,0.044053062089655044
0,68,robust_G6,0.031024499741498738
0,68,equal_weight,0.06251212168400341
0,68,oracle_kelly,0.07657842858295882
0,69,naive_kelly,0.08002246542154323
0,69,robust_G0,0.07988222619759268
0,69,robust_G1,0.08581069853290484
0,69,robust_G2,0.08618058216808724
0,69,robust_G3,0.0625751679087743
0,69,robust_G6,0.026503388642174983
0,69,equal_weight,0.08172221761284129
0,69,oracle_kelly,0.08775473814526286
0,70,naive_kelly,0.06658306458891299
0,70,robust_G0,0.06645092435965846
0,70,robust_G1,0.07112768453393614
0,70,robust_G2,0.06967640481965322
0,70,robust_G3,0.06939239946634898
0,70,robust_G6,0.02665702418088039
0,70,equal_weight,0.06824570507306711
0,70,oracle_kelly,0.07208602060809374
0,71,naive_kelly,0.12969012791007958
0,71,robust_G0,0.1301757601842763
0,71,robust_G1,0.1230109813762005
0,71,robust_G2,0.10139373670166635
0,71,robust_G3,0.07237280165343574
0,71,robust_G6,0.016463675814030045
0,71,equal_weight,0.12768184911892905
0,71,oracle_kelly,0.13436803704657957
0,72,naive_kelly,0.09115454069930862
0,72,robust_G0,0.09114099363260089
0,72,robust_G1,0.08087038529200116
0,72,robust_G2,0.05953688757601394
0,72,robust_G3,0.03314724234977092
0,72,robust_G6,0.0
0,72,equal_weight,0.0811525565498507
0,72,oracle_kelly,0.0914816494279817
0,73,naive_kelly,0.06545547150936201
0,73,robust_G0,0.06527448793442542
0,73,robust_G1,0.06522957188934364
0,73,robust_G2,0.060400030823715846
0,73,robust_G3,0.04204957198304773
0,73,robust_G6,0.010906034673115066
0,73,equal_weight,0.062028352874287235
0,73,oracle_kelly,0.06921325567585956
0,74,naive_kelly,0.05491552422340892
0,74,robust_G0,0.05448734431154074
0,74,robust_G1,0.05865752992073641
0,74,robust_G2,0.04484584168395984
0,74,robust_G3,0.029704652068460652
0,74,robust_G6,0.005392472674486967
0,74,equal_weight,0.056879588510200106
0,74,oracle_kelly,0.06311682640232404
0,75,naive_kelly,0.0709849267513872
0,75,robust_G0,0.07046529115001604
0,75,robust_G1,0.07078522309481032
0,75,robust_G2,0.06694743600708138
0,75,robust_G3,0.05489412399330537
0,75,robust_G6,0.01043024198628522
0,75,equal_weight,0.07538597059089298
0,75,oracle_kelly,0.07906275051143927
0,76,naive_kelly,0.04089445030196163
0,76,robust_G0,0.04091881503287277
0,76,robust_G1,0.03461023772771854
0,76,robust_G2,0.028353356745857167
0,76,robust_G3,0.01639227831425453
0,76,robust_G6,0.0
0,76,equal_weight,0.03526297722296375
0,76,oracle_kelly,0.04250811234919471
0,77,naive_kelly,0.05060423113788433
0,77,robust_G0,0.05045867354941923
0,77,robust_G1,0.028417488427637475
0,77,robust_G2,0.012148805028633079
0,77,robust_G3,0.0
0,77,robust_G6,0.0
0,77,equal_weight,0.0390285962062048
0,77,oracle_kelly,0.055851858993413564
0,78,naive_kelly,0.058639850128172896
0,78,robust_G0,0.058549048894397236
0,78,robust_G1,0.0586923304487024
0,78,robust_G2,0.056990727213366975
0,78,robust_G3,0.052997367358977227
0,78,robust_G6,0.035067076108767005
0,78,equal_weight,0.05137883216661215
0,78,oracle_kelly,0.06288559243527032
0,79,naive_kelly,0.05811112387556936
0,79,robust_G0,0.058009370667559436
0,79,robust_G1,0.049662306908784766
0,79,robust_G2,0.03301696560306369
0,79,robust_G3,0.020169960696165022
0,79,robust_G6,0.0
0,79,equal_weight,0.06273407701977386
0,79,oracle_kelly,0.06589719502325157
0,80,naive_kelly,0.07311837762877224
0,80,robust_G0,0.07355883011386566
0,80,robust_G1,0.07501184579124393
0,80,robust_G2,0.07423345452107885
0,80,robust_G3,0.07404289224717905
0,80,robust_G6,0.04557496099565028
0,80,equal_weight,0.06643108376637485
0,80,oracle_kelly,0.07609520677293413
0,81,naive_kelly,0.07700532742121247
0,81,robust_G0,0.07773529104834329
0,81,robust_G1,0.07736117292787248
0,81,robust_G2,0.07133594665555729
0,81,robust_G3,0.056917543192258904
0,81,robust_G6,0.02988654911313822
0,81,equal_weight,0.0739982362577747
0,81,oracle_kelly,0.08109876896744696
0,82,naive_kelly,0.08099447126218862
0,82,robust_G0,0.081297396044372
0,82,robust_G1,0.07503323821518551
0,82,robust_G2,0.055119886774303885
0,82,robust_G3,0.02709458760759383
0,82,robust_G6,0.0
0,82,equal_weight,0.07927472269045102
0,82,oracle_kelly,0.08496327852427288
0,83,naive_kelly,0.06697232523247869
0,83,robust_G0,0.06687363311402804
0,83,robust_G1,0.061054345745968436
0,83,robust_G2,0.044314339972220076
0,83,robust_G3,0.02454455883325867
0,83,robust_G6,0.0
0,83,equal_weight,0.06008226815971213
0,83,oracle_kelly,0.06820553068379023
0,84,naive_kelly,0.04276220189883173
0,84,robust_G0,0.042614834432026405
0,84,robust_G1,0.042087387592808834
0,84,robust_G2,0.02765680972031487
0,84,robust_G3,0.009001025817749708
0,84,robust_G6,0.0024759850280631646
0,84,equal_weight,0.04829332500879459
0,84,oracle_kelly,0.05202027851870275
0,85,naive_kelly,0.060027609452951484
0,85,robust_G0,0.06004568184263918
0,85,robust_G1,0.060028199542455515
0,85,robust_G2,0.05469711408017862
0,85,robust_G3,0.03647610491192597
0,85,robust_G6,0.00015359675091851312
0,85,equal_weight,0.06091704833423546
0,85,oracle_kelly,0.06525984145910774
0,86,naive_kelly,0.07526404076478516
0,86,robust_G0,0.07501654597657272
0,86,robust_G1,0.07637155656256002
0,86,robust_G2,0.05342682005589795
0,86,robust_G3,0.02558573960045627
0,86,robust_G6,0.006507664795697855
0,86,equal_weight,0.07138761534860742
0,86,oracle_kelly,0.08037573472861076
0,87,naive_kelly,0.04675464406501773
0,87,robust_G0,0.04666068378139895
0,87,robust_G1,0.03390573901538446
0,87,robust_G2,0.017598292696570914
0,87,robust_G3,0.0
0,87,robust_G6,0.0
0,87,equal_weight,0.035240093369193905
0,87,oracle_kelly,0.04851363104604021
0,88,naive_kelly,0.08215555455009968
0,88,robust_G0,0.0817957124403286
0,88,robust_G1,0.07520593849909586
0,88,robust_G2,0.0669753861000331
0,88,robust_G3,0.0419795456630655
0,88,robust_G6,0.0177055210473859
0,88,equal_weight,0.07934869222768774
0,88,oracle_kelly,0.08656285155822549
0,89,naive_kelly,0.09460534638572579
0,89,robust_G0,0.0942578732249557
0,89,robust_G1,0.09346340277123512
0,89,robust_G2,0.09321511355231314
0,89,robust_G3,0.08501431397872479
0,89,robust_G6,0.0361625956907142
0,89,equal_weight,0.08771722528957142
0,89,oracle_kelly,0.09610563803104774
0,90,naive_kelly,0.06704288733854558
0,90,robust_G0,0.06690383688484772
0,90,robust_G1,0.05841164204229084
0,90,robust_G2,0.040580800627976324
0,90,robust_G3,0.02248530943212341
0,90,robust_G6,0.015412068804984073
0,90,equal_weight,0.051269753338830326
0,90,oracle_kelly,0.06968104099716457
0,91,naive_kelly,0.08930570937621007
0,91,robust_G0,0.08921414174350392
0,91,robust_G1,0.07800546416868778
0,91,robust_G2,0.05893114575476701
0,91,robust_G3,0.02760682684103679
0,91,robust_G6,0.004898398666182446
0,91,equal_weight,0.07749365302332648
0,91,oracle_kelly,0.09018442527773642
0,92,naive_kelly,0.09294752791641221
0,92,robust_G0,0.09264976681583878
0,92,robust_G1,0.0784586754485797
0,92,robust_G2,0.06752033867563395
0,92,robust_G3,0.05086865776762391
0,92,robust_G6,0.041900411763473686
0,92,equal_weight,0.0856961058380647
0,92,oracle_kelly,0.09373617203612275
0,93,naive_kelly,0.07994828824539618
0,93,robust_G0,0.07970157900252006
0,93,robust_G1,0.07481570430891521
0,93,robust_G2,0.06848182089420203
0,93,robust_G3,0.05382331086501388
0,93,robust_G6,0.020816313710141195
0,93,equal_weight,0.07964916331042224
0,93,oracle_kelly,0.08482103842150432
0,94,naive_kelly,0.05570082161774148
0,94,robust_G0,0.054758135646355184
0,94,robust_G1,0.056952323341430015
0,94,robust_G2,0.04679297556963237
0,94,robust_G3,0.02961161638674025
0,94,robust_G6,0.017214978568750552
0,94,equal_weight,0.054717207847497173
0,94,oracle_kelly,0.06215881680615177
0,95,naive_kelly,0.06931004354645694
0,95,robust_G0,0.069662097108198
0,95,robust_G1,0.07123869888697909
0,95,robust_G2,0.06675157659099043
0,95,robust_G3,0.05629487363346217
0,95,robust_G6,0.02779617509887517
0,95,equal_weight,0.0610565999681228
0,95,oracle_kelly,0.0752108515280738
0,96,naive_kelly,0.07338780898401372
0,96,robust_G0,0.07357386818358298
0,96,robust_G1,0.06084675103578069
0,96,robust_G2,0.03906251049775039
0,96,robust_G3,0.013724568014113389
0,96,robust_G6,0.009591512374074327
0,96,equal_weight,0.06514853374222829
0,96,oracle_kelly,0.07592363341236677
0,97,naive_kelly,0.06413171728478424
0,97,robust_G0,0.06432079215784159
0,97,robust_G1,0.06347010151178921
0,97,robust_G2,0.05463964484842719
0,97,robust_G3,0.03322603446191255
0,97,robust_G6,0.006956374364757684
0,97,equal_weight,0.061411840474246415
0,97,oracle_kelly,0.065087111394905
0,98,naive_kelly,0.0652914992942693
0,98,robust_G0,0.06529208128838052
0,98,robust_G1,0.06176641032895656
0,98,robust_G2,0.054208018753436116
0,98,robust_G3,0.03902785230862767
0,98,robust_G6,0.012855198687395696
0,98,equal_weight,0.057713342756664565
0,98,oracle_kelly,0.06721101866602533
0,99,naive_kelly,0.08719231367863783
0,99,robust_G0,0.08638044348802873
0,99,robust_G1,0.07966312481195678
0,99,robust_G2,0.06474340134140377
0,99,robust_G3,0.04012726635026648
0,99,robust_G6,0.016020640378028236
0,99,equal_weight,0.07669406315410074
0,99,oracle_kelly,0.09115247785748928
0,100,naive_kelly,0.02071767365487402
0,100,robust_G0,0.020674568635642175
0,100,robust_G1,0.02254361166499725
0,100,robust_G2,0.01607628854519376
0,100,robust_G3,0.003273838489900799
0,100,robust_G6,0.0
0,100,equal_weight,0.018154213500768027
0,100,oracle_kelly,0.02712235189329445
0,101,naive_kelly,0.061712337693594556
0,101,robust_G0,0.06132870982350033
0,101,robust_G1,0.059327136717830124
0,101,robust_G2,0.0478269975035216
0,101,robust_G3,0.03702919693845502
0,101,robust_G6,0.028233691932709363
0,101,equal_weight,0.046962135559539216
0,101,oracle_kelly,0.06368070179478266
0,102,naive_kelly,0.07514970859431946
0,102,robust_G0,0.07459743939217423
0,102,robust_G1,0.08094762799028288
0,102,robust_G2,0.08065352866525785
0,102,robust_G3,0.07753284131837333
0,102,robust_G6,0.03383321249920744
0,102,equal_weight,0.0814861011260289
0,102,oracle_kelly,0.0859241872777553
0,103,naive_kelly,0.08727999989249055
0,103,robust_G0,0.08721127932950373
0,103,robust_G1,0.08103112799344875
0,103,robust_G2,0.0746599256913962
0,103,robust_G3,0.054808476596284086
0,103,robust_G6,0.017488034419035396
0,103,equal_weight,0.07549961967581167
0,103,oracle_kelly,0.08968054799669085
0,104,naive_kelly,0.09762561578594821
0,104,robust_G0,0.09674269045141096
0,104,robust_G1,0.1031238945858109
0,104,robust_G2,0.10038051997911095
0,104,robust_G3,0.08270942440893067
0,104,robust_G6,0.04771411513212018
0,104,equal_weight,0.09854045748633503
0,104,oracle_kelly,0.1038831911730883
0,105,naive_kelly,0.031310742118122376
0,105,robust_G0,0.031333563848807006
0,105,robust_G1,0.024127435490381575
0,105,robust_G2,0.014684339928696577
0,105,robust_G3,0.0
0,105,robust_G6,0.0
0,105,equal_weight,0.032531066204920425
0,105,oracle_kelly,0.037864391278121794
0,106,naive_kelly,0.06864577945167961
0,106,robust_G0,0.06897421436797582
0,106,robust_G1,0.0674888705331281
0,106,robust_G2,0.05562231851778128
0,106,robust_G3,0.03511759972267553
0,106,robust_G6,0.026877003562819173
0,106,equal_weight,0.05719991813077133
0,106,oracle_kelly,0.07155924725362303
0,107,naive_kelly,0.03447979265276608
0,107,robust_G0,0.034868155497694966
0,107,robust_G1,0.03139721462741579
0,107,robust_G2,0.02395642162817042
0,107,robust_G3,0.010158260819110546
0,107,robust_G6,0.0
0,107,equal_weight,0.029897809143735646
0,107,oracle_kelly,0.0389603555292366
0,108,naive_kelly,0.06278203621456174
0,108,robust_G0,0.06258796992566512
0,108,robust_G1,0.051320181540715264
0,108,robust_G2,0.03158987121757604
0,108,robust_G3,0.011278557324342867
0,108,robust_G6,0.0
0,108,equal_weight,0.055728830065016
0,108,oracle_kelly,0.06404394629864732
0,109,naive_kelly,0.09107277118874157
0,109,robust_G0,0.09069919658659316
0,109,robust_G1,0.08671584626137031
0,109,robust_G2,0.07511806653211935
0,109,robust_G3,0.05413783377959003
0,109,robust_G6,0.025159119230545524
0,109,equal_weight,0.0764668690033462
0,109,oracle_kelly,0.09290996185474533
0,110,naive_kelly,0.08134598436492745
0,110,robust_G0,0.08166847432066734
0,110,robust_G1,0.07514449965678072
0,110,robust_G2,0.06503145608691813
0,110,robust_G3,0.04157308227262128
0,110,robust_G6,0.018636403572120257
0,110,equal_weight,0.0762928096854442
0,110,oracle_kelly,0.083046987813889
0,111,naive_kelly,0.037609696228951814
0,111,robust_G0,0.03723835001828606
0,111,robust_G1,0.024528656823466465
0,111,robust_G2,0.00794519728058961
0,111,robust_G3,0.0
0,111,robust_G6,0.0
0,111,equal_weight,0.02525303732779963
0,111,oracle_kelly,0.0382608090280057
0,112,naive_kelly,0.036660193672141725
0,112,robust_G0,0.03649301673130338
0,112,robust_G1,0.022394719995227266
0,112,robust_G2,0.008302654581596874
0,112,robust_G3,0.0
0,112,robust_G6,0.0
0,112,equal_weight,0.03159431289039645
0,112,oracle_kelly,0.03792504675174877
0,113,naive_kelly,0.09863054158385642
0,113,robust_G0,0.09816643048375723
0,113,robust_G1,0.09028305819119956
0,113,robust_G2,0.08343844846124147
0,113,robust_G3,0.08179570138875303
0,113,robust_G6,0.02645943868727635
0,113,equal_weight,0.09502433273914107
0,113,oracle_kelly,0.10047712761768113
0,114,naive_kelly,0.0724548786791034
0,114,robust_G0,0.07234437190283588
0,114,robust_G1,0.07489924812585907
0,114,robust_G2,0.06621671534692028
0,114,robust_G3,0.0441138199005591
0,114,robust_G6,0.01710311362635497
0,114,equal_weight,0.06858642980831425
0,114,oracle_kelly,0.07610257436440197
0,115,naive_kelly,0.04536789490077577
0,115,robust_G0,0.04519722085006664
0,115,robust_G1,0.03617878316953287
0,115,robust_G2,0.029537815674290632
0,115,robust_G3,0.014475073934473505
0,115,robust_G6,0.000868648093613909
0,115,equal_weight,0.031448155871502986
0,115,oracle_kelly,0.049817638405211806
0,116,naive_kelly,0.10792852514367454
0,116,robust_G0,0.10795825895641264
0,116,robust_G1,0.09853478059965479
0,116,robust_G2,0.09648354555229413
0,116,robust_G3,0.08997835788399469
0,116,robust_G6,0.05961560804415206
0,116,equal_weight,0.09909172930927829
0,116,oracle_kelly,0.10878870725828343
0,117,naive_kelly,0.06559244242698425
0,117,robust_G0,0.06577579868727756
0,117,robust_G1,0.04993493673949964
0,117,robust_G2,0.04524687353988072
0,117,robust_G3,0.0356510485765046
0,117,robust_G6,0.008427937184347863
0,117,equal_weight,0.05926390984464612
0,117,oracle_kelly,0.06902814952976792
0,118,naive_kelly,0.09045654590900273
0,118,robust_G0,0.09025549519926551
0,118,robust_G1,0.08667093595564149
0,118,robust_G2,0.08070421316499503
0,118,robust_G3,0.06707933651661163
0,118,robust_G6,0.030267090126255256
0,118,equal_weight,0.07552395895704726
0,118,oracle_kelly,0.0921828108905464
0,119,naive_kelly,0.05196524441588858
0,119,robust_G0,0.051931438815631614
0,119,robust_G1,0.04763315463092714
0,119,robust_G2,0.035822458454528874
0,119,robust_G3,0.01993784949427784
0,119,robust_G6,0.005677927547155039
0,119,equal_weight,0.042751479288386275
0,119,oracle_kelly,0.0524110891197314
0,120,naive_kelly,0.10136823114760522
0,120,robust_G0,0.10072492561783646
0,120,robust_G1,0.09592450119073118
0,120,robust_G2,0.08161447397542991
0,120,robust_G3,0.0556261143024125
0,120,robust_G6,0.018102997266428132
0,120,equal_weight,0.09103179614020757
0,120,oracle_kelly,0.10327088833331956
0,121,naive_kelly,0.07589133711749231
0,121,robust_G0,0.07607657244229078
0,121,robust_G1,0.06856058757395084
0,121,robust_G2,0.04980240612076936
0,121,robust_G3,0.027932449045400924
0,121,robust_G6,0.0
0,121,equal_weight,0.06964388341553474
0,121,oracle_kelly,0.0788680618839782
0,122,naive_kelly,0.08011999894170363
0,122,robust_G0,0.08070189626219323
0,122,robust_G1,0.08330840310450065
0,122,robust_G2,0.07887749179625317
0,122,robust_G3,0.06776622575969442
0,122,robust_G6,0.018496565467259182
0,122,equal_weight,0.070808872243722
0,122,oracle_kelly,0.08669102077551638
0,123,naive_kelly,0.09623905520460693
0,123,robust_G0,0.0967072429012559
0,123,robust_G1,0.09401971725772405
0,123,robust_G2,0.07633370640816291
0,123,robust_G3,0.05885362387800787
0,123,robust_G6,0.0210149763443963
0,123,equal_weight,0.08667062050168925
0,123,oracle_kelly,0.0987377775429852
0,124,naive_kelly,0.08492884157479925
0,124,robust_G0,0.08516189620284297
0,124,robust_G1,0.07345207933943468
0,124,robust_G2,0.05704983550478242
0,124,robust_G3,0.03799003634753394
0,124,robust_G6,0.0068008649528984964
0,124,equal_weight,0.0722244960639144
0,124,oracle_kelly,0.08675548064772019
0,125,naive_kelly,0.054578338541781624
0,125,robust_G0,0.05460557101824533
0,125,robust_G1,0.044029199438060176
0,125,robust_G2,0.04396772672543362
0,125,robust_G3,0.02796832426688732
0,125,robust_G6,0.0029356705722573973
0,125,equal_weight,0.03780224233398328
0,125,oracle_kelly,0.054784685092420446
0,126,naive_kelly,0.06026388044113513
0,126,robust_G0,0.060104849037834154
0,126,robust_G1,0.05817520189217687
0,126,robust_G2,0.05283067510428992
0,126,robust_G3,0.04014004799630687
0,126,robust_G6,0.019903166377087472
0,126,equal_weight,0.0542976567085052
0,126,oracle_kelly,0.06593679284213738
0,127,naive_kelly,0.07504884942452994
0,127,robust_G0,0.07472997992507678
0,127,robust_G1,0.07662880758030445
0,127,robust_G2,0.07463689303130697
0,127,robust_G3,0.07032571250753014
0,127,robust_G6,0.044406039697546085
0,127,equal_weight,0.0658685016478909
0,127,oracle_kelly,0.07694496968482936
0,128,naive_kelly,0.06922229218002696
0,128,robust_G0,0.06932049373776518
0,128,robust_G1,0.05903451022644634
0,128,robust_G2,0.05019166616852984
0,128,robust_G3,0.035537551425574375
0,128,robust_G6,0.00514052014839249
0,128,equal_weight,0.05338971609778778
0,128,oracle_kelly,0.07208270623615441
0,129,naive_kelly,0.09517373860207448
0,129,robust_G0,0.09548527948786398
0,129,robust_G1,0.09453477042743796
0,129,robust_G2,0.08406842171525519
0,129,robust_G3,0.06935679856331547
0,129,robust_G6,0.027791984965910635
0,129,equal_weight,0.08854510909979063
0,129,oracle_kelly,0.09855076708693278
0,130,naive_kelly,0.0695171109931827
0,130,robust_G0,0.06988975178719295
0,130,robust_G1,0.054896326795692625
0,130,robust_G2,0.030726710548517083
0,130,robust_G3,0.003669820360290829
0,130,robust_G6,0.0
0,130,equal_weight,0.06613553406509871
0,130,oracle_kelly,0.07388526188740585
0,131,naive_kelly,0.062360588146105435
0,131,robust_G0,0.06289566275274538
0,131,robust_G1,0.06349601194452911
0,131,robust_G2,0.04786977175293669
0,131,robust_G3,0.0351191055594997
0,131,robust_G6,0.017245098108422785
0,131,equal_weight,0.059560262731201324
0,131,oracle_kelly,0.06858760182513125
0,132,naive_kelly,0.03689103458281885
0,132,robust_G0,0.03712063644255634
0,132,robust_G1,0.032860833400465334
0,132,robust_G2,0.02021053409288117
0,132,robust_G3,0.00321045345295737
0,132,robust_G6,0.0015795071457724522
0,132,equal_weight,0.03223812662491354
0,132,oracle_kelly,0.03989463799018585
0,133,naive_kelly,0.08871443800832465
0,133,robust_G0,0.08878567436773432
0,133,robust_G1,0.08822944827460502
0,133,robust_G2,0.08593124030908969
0,133,robust_G3,0.08214303247518034
0,133,robust_G6,0.03284427629430495
0,133,equal_weight,0.08620242613484883
0,133,oracle_kelly,0.0926922271176891
0,134,naive_kelly,0.06412425902967162
0,134,robust_G0,0.0638717648883706
0,134,robust_G1,0.0674849643057111
0,134,robust_G2,0.06455036618253011
0,134,robust_G3,0.05950348764587455
0,134,robust_G6,0.040868853921447505
0,134,equal_weight,0.05372243116535258
0,134,oracle_kelly,0.06773533870545143
0,135,naive_kelly,0.04434872409584684
0,135,robust_G0,0.044015700273966965
0,135,robust_G1,0.03926305538761636
0,135,robust_G2,0.029752555072484387
0,135,robust_G3,0.016320918304800435
0,135,robust_G6,0.00043418621570476517
0,135,equal_weight,0.03898263928119167
0,135,oracle_kelly,0.04611631082584982
0,136,naive_kelly,0.052283551386925996
0,136,robust_G0,0.05236247749760565
0,136,robust_G1,0.04850954067896545
0,136,robust_G2,0.03864146185387769
0,136,robust_G3,0.02947578728627929
0,136,robust_G6,0.015111180235454158
0,136,equal_weight,0.03795658705212301
0,136,oracle_kelly,0.052881778610176705
0,137,naive_kelly,0.051341362777155376
0,137,robust_G0,0.051328644029062544
0,137,robust_G1,0.04411545827693648
0,137,robust_G2,0.03229771900311139
0,137,robust_G3,0.017314218026261666
0,137,robust_G6,0.0
0,137,equal_weight,0.03959162931397074
0,137,oracle_kelly,0.05505803914115948
0,138,naive_kelly,0.05423928007992229
0,138,robust_G0,0.054338431297434736
0,138,robust_G1,0.052835296023728405
0,138,robust_G2,0.04054191267790713
0,138,robust_G3,0.019596276028113466
0,138,robust_G6,0.0
0,138,equal_weight,0.058586005421658226
0,138,oracle_kelly,0.0628414073567774
0,139,naive_kelly,0.07807440500599754
0,139,robust_G0,0.07813837008148453
0,139,robust_G1,0.07530605244093018
0,139,robust_G2,0.048325945778761877
0,139,robust_G3,0.024992649759453374
0,139,robust_G6,0.015327824152035947
0,139,equal_weight,0.06372368872020037
0,139,oracle_kelly,0.08338480403748846
0,140,naive_kelly,0.06265179392241788
0,140,robust_G0,0.06237508959692428
0,140,robust_G1,0.06009290169339761
0,140,robust_G2,0.04303269865514116
0,140,robust_G3,0.019199682723694732
0,140,robust_G6,0.0
0,140,equal_weight,0.05418139769585144
0,140,oracle_kelly,0.06495282788235723
0,141,naive_kelly,0.07540371964982287
0,141,robust_G0,0.07563012736809671
0,141,robust_G1,0.06955549441116182
0,141,robust_G2,0.057850974057876134
0,141,robust_G3,0.04174588942134895
0,141,robust_G6,0.01605519602040105
0,141,equal_weight,0.06755366905439855
0,141,oracle_kelly,0.07742091057062765
0,142,naive_kelly,0.05932074409577167
0,142,robust_G0,0.05919217921338946
0,142,robust_G1,0.053063733214953876
0,142,robust_G2,0.05300634670098717
0,142,robust_G3,0.04872198820814506
0,142,robust_G6,0.033585087717255546
0,142,equal_weight,0.04516892548678795
0,142,oracle_kelly,0.06207191200184643
0,143,naive_kelly,0.03749116883469037
0,143,robust_G0,0.03706555031263011
0,143,robust_G1,0.036049133670176134
0,143,robust_G2,0.026373019172122505
0,143,robust_G3,0.010943246977967754
0,143,robust_G6,0.002554067716083448
0,143,equal_weight,0.03549367684230325
0,143,oracle_kelly,0.04312903338004205
0,144,naive_kelly,0.10045692192978939
0,144,robust_G0,0.10026943982146397
0,144,robust_G1,0.09730625048979372
0,144,robust_G2,0.09111502235258237
0,144,robust_G3,0.07610085007335685
0,144,robust_G6,0.02805787621643962
0,144,equal_weight,0.09559720147053746
0,144,oracle_kelly,0.10103134094913764
0,145,naive_kelly,0.05980873361531582
0,145,robust_G0,0.0597803615886632
0,145,robust_G1,0.052485184425200074
0,145,robust_G2,0.03741258011313499
0,145,robust_G3,0.022775477867720217
0,145,robust_G6,0.009095518950993113
0,145,equal_weight,0.04704483145909149
0,145,oracle_kelly,0.06061749729527241
0,146,naive_kelly,0.05461372500258643
0,146,robust_G0,0.05434622057138099
0,146,robust_G1,0.05137386446881129
0,146,robust_G2,0.03399103340111781
0,146,robust_G3,0.007405306314060935
0,146,robust_G6,0.0
0,146,equal_weight,0.05025676838515227
0,146,oracle_kelly,0.057443581883237865
0,147,naive_kelly,0.05106026036472351
0,147,robust_G0,0.0509317886006182
0,147,robust_G1,0.05480670965708911
0,147,robust_G2,0.05198901679444143
0,147,robust_G3,0.041804395772339145
0,147,robust_G6,0.022726394975014934
0,147,equal_weight,0.04819761468926724
0,147,oracle_kelly,0.05684743402703625
0,148,naive_kelly,0.05527415735356139
0,148,robust_G0,0.05520508720688516
0,148,robust_G1,0.05698787438974871
0,148,robust_G2,0.05645109364738177
0,148,robust_G3,0.05270806218817269
0,148,robust_G6,0.027293426108598973
0,148,equal_weight,0.05756042136435248
0,148,oracle_kelly,0.06040896807990073
0,149,naive_kelly,0.08967710355548374
0,149,robust_G0,0.08936743410601211
0,149,robust_G1,0.0865745664411002
0,149,robust_G2,0.07904313742219471
0,149,robust_G3,0.06124713922669089
0,149,robust_G6,0.02973745609848941
0,149,equal_weight,0.07666227863923185
0,149,oracle_kelly,0.09456021494671066
1,0,naive_kelly,0.09650292869204144
1,0,robust_G0,0.09643059152084699
1,0,robust_G1,0.10216693422624493
1,0,robust_G2,0.09408323826319366
1,0,robust_G3,0.08636855437109212
1,0,robust_G6,0.05827968290243454
1,0,equal_weight,0.10554878345999384
1,0,oracle_kelly,0.10981324884509652
1,1,naive_kelly,0.07661264875243617
1,1,robust_G0,0.07628088040811694
1,1,robust_G1,0.07487286857296033
1,1,robust_G2,0.07692064103134749
1,1,robust_G3,0.07676960784695924
1,1,robust_G6,0.03771759234008827
1,1,equal_weight,0.08237023711628669
1,1,oracle_kelly,0.08826503492140135
1,2,naive_kelly,0.04325351410738118
1,2,robust_G0,0.043213304188018525
1,2,robust_G1,0.06778180178443251
1,2,robust_G2,0.06687747417847847
1,2,robust_G3,0.05480650684981789
1,2,robust_G6,0.02761402071612071
1,2,equal_weight,0.06087295618611803
1,2,oracle_kelly,0.08077991212368607
1,3,naive_kelly,0.05649199776387522
1,3,robust_G0,0.057037217921217596
1,3,robust_G1,0.04708471425116168
1,3,robust_G2,0.03320825846851763
1,3,robust_G3,0.01632360894335069
1,3,robust_G6,0.00026460144826641677
1,3,equal_weight,0.044588693596421425
1,3,oracle_kelly,0.06360500027826597
1,4,naive_kelly,0.044192855695453954
1,4,robust_G0,0.04602780636354966
1,4,robust_G1,0.06802958251217033
1,4,robust_G2,0.062017434551699224
1,4,robust_G3,0.04347728695054626
1,4,robust_G6,0.020175403843659644
1,4,equal_weight,0.06410645908437786
1,4,oracle_kelly,0.070467185176918
1,5,naive_kelly,0.06888488780797832
1,5,robust_G0,0.06903712499550142
1,5,robust_G1,0.0812705523469725
1,5,robust_G2,0.07015959709683921
1,5,robust_G3,0.059671085464664445
1,5,robust_G6,0.04867237051348232
1,5,equal_weight,0.0737245442089149
1,5,oracle_kelly,0.08585231904520932
1,6,naive_kelly,0.07600800517058258
1,6,robust_G0,0.0765339177151094
1,6,robust_G1,0.0675839937600485
1,6,robust_G2,0.06521234729586306
1,6,robust_G3,0.06251635806369732
1,6,robust_G6,0.025204719062832635
1,6,equal_weight,0.07773311886662271
1,6,oracle_kelly,0.08335572939337287
1,7,naive_kelly,0.08443953704184712
1,7,robust_G0,0.08479225222884652
1,7,robust_G1,0.07920024544496487
1,7,robust_G2,0.08208183687261215
1,7,robust_G3,0.08220870142692778
1,7,robust_G6,0.03577205005994899
1,7,equal_weight,0.09111112566599094
1,7,oracle_kelly,0.09628336160586286
1,8,naive_kelly,0.05480561691624344
1,8,robust_G0,0.0546162437529952
1,8,robust_G1,0.054146752837728365
1,8,robust_G2,0.053555247728138064
1,8,robust_G3,0.04289109993274549
1,8,robust_G6,0.03229901044925487
1,8,equal_weight,0.039726785057607336
1,8,oracle_kelly,0.05571817700022082
1,9,naive_kelly,0.0454593434656812
1,9,robust_G0,0.04440101729617782
1,9,robust_G1,0.06492296545445003
1,9,robust_G2,0.05956559944260373
1,9,robust_G3,0.052284286917108014
1,9,robust_G6,0.028094123671870412
1,9,equal_weight,0.05831564514728651
1,9,oracle_kelly,0.07018288761120679
1,10,naive_kelly,0.05499767195346616
1,10,robust_G0,0.05487014341676287
1,10,robust_G1,0.06351053898791725
1,10,robust_G2,0.06294223882095021
1,10,robust_G3,0.06152974705702279
1,10,robust_G6,0.03728263026563838
1,10,equal_weight,0.05830274986415114
1,10,oracle_kelly,0.06587390730881575
1,11,naive_kelly,0.029600955431670867
1,11,robust_G0,0.028040753866070914
1,11,robust_G1,0.07051293738080153
1,11,robust_G2,0.06993997134691325
1,11,robust_G3,0.051723223910542765
1,11,robust_G6,0.01830768383566926
1,11,equal_weight,0.05959269472954865
1,11,oracle_kelly,0.07420099481956272
1,12,naive_kelly,0.04601682733618488
1,12,robust_G0,0.0459960192600192
1,12,robust_G1,0.0479163794213984
1,12,robust_G2,0.044908050568106414
1,12,robust_G3,0.03751561327029708
1,12,robust_G6,0.026435143406867458
1,12,equal_weight,0.03961678697602036
1,12,oracle_kelly,0.0498712276375679
1,13,naive_kelly,0.05548489773198163
1,13,robust_G0,0.05543557471354659
1,13,robust_G1,0.06380656970143943
1,13,robust_G2,0.06128330259632065
1,13,robust_G3,0.0547504645508544
1,13,robust_G6,0.019880157147019933
1,13,equal_weight,0.05547481263858282
1,13,oracle_kelly,0.06691488498890066
1,14,naive_kelly,0.06828918057610257
1,14,robust_G0,0.06726242148378045
1,14,robust_G1,0.09299173928507869
1,14,robust_G2,0.08621852692563461
1,14,robust_G3,0.08085060810700723
1,14,robust_G6,0.04242250420412748
1,14,equal_weight,0.09254396725936959
1,14,oracle_kelly,0.10481983221354861
1,15,naive_kelly,0.041195800088414586
1,15,robust_G0,0.04136566297113125
1,15,robust_G1,0.04927281337754989
1,15,robust_G2,0.05105945930192418
1,15,robust_G3,0.04919041913093998
1,15,robust_G6,0.0314971747131451
1,15,equal_weight,0.04381341839662706
1,15,oracle_kelly,0.055076961425100865
1,16,naive_kelly,0.04496432055783277
1,16,robust_G0,0.04532890624395477
1,16,robust_G1,0.04917555238834262
1,16,robust_G2,0.04569591009623293
1,16,robust_G3,0.03440340702972455
1,16,robust_G6,0.012431691579622999
1,16,equal_weight,0.040995271280337975
1,16,oracle_kelly,0.055473148677741335
1,17,naive_kelly,0.06430629659751416
1,17,robust_G0,0.06425056409997529
1,17,robust_G1,0.08082504423142495
1,17,robust_G2,0.0703398008213019
1,17,robust_G3,0.05577016333879658
1,17,robust_G6,0.027192655513192013
1,17,equal_weight,0.06932831084903662
1,17,oracle_kelly,0.08194490952617192
1,18,naive_kelly,0.06825407801458888
1,18,robust_G0,0.07039271011159612
1,18,robust_G1,0.09300119350600794
1,18,robust_G2,0.08811802241350701
1,18,robust_G3,0.08138528340898678
1,18,robust_G6,0.032153118415840176
1,18,equal_weight,0.09380803989326232
1,18,oracle_kelly,0.09688245007939278
1,19,naive_kelly,0.05328529222257043
1,19,robust_G0,0.05351760851253278
1,19,robust_G1,0.051172501828839416
1,19,robust_G2,0.05419789525260239
1,19,robust_G3,0.04449716454090229
1,19,robust_G6,0.0351649649873807
1,19,equal_weight,0.0324919250651646
1,19,oracle_kelly,0.057010125878558866
1,20,naive_kelly,0.09123609253904028
1,20,robust_G0,0.0900100861291783
1,20,robust_G1,0.099516071336045
1,20,robust_G2,0.09372576075172606
1,20,robust_G3,0.06814690603961525
1,20,robust_G6,0.049672594588294205
1,20,equal_weight,0.09161087144786767
1,20,oracle_kelly,0.10438518712734335
1,21,naive_kelly,0.05797863084320634
1,21,robust_G0,0.05990891255535662
1,21,robust_G1,0.06682014660597946
1,21,robust_G2,0.0695768862992633
1,21,robust_G3,0.059613698487595096
1,21,robust_G6,0.02096233251558182
1,21,equal_weight,0.07427418538316514
1,21,oracle_kelly,0.08231789864201224
1,22,naive_kelly,0.045426176186954756
1,22,robust_G0,0.04411382798205603
1,22,robust_G1,0.05088319431051169
1,22,robust_G2,0.05068589956626886
1,22,robust_G3,0.045215060862126
1,22,robust_G6,0.018502273244515303
1,22,equal_weight,0.04966792781867728
1,22,oracle_kelly,0.061367339952340144
1,23,naive_kelly,0.05546825510246559
1,23,robust_G0,0.055647257539295045
1,23,robust_G1,0.05412301526177499
1,23,robust_G2,0.05164111228466724
1,23,robust_G3,0.040881354473363635
1,23,robust_G6,0.02182646956861946
1,23,equal_weight,0.04957824559066158
1,23,oracle_kelly,0.05862295553646413
1,24,naive_kelly,0.07837891893930962
1,24,robust_G0,0.0795420517479884
1,24,robust_G1,0.09303774173495695
1,24,robust_G2,0.09261976952431761
1,24,robust_G3,0.09118693824619745
1,24,robust_G6,0.060956507789394855
1,24,equal_weight,0.0851082448382591
1,24,oracle_kelly,0.09380177979839546
1,25,naive_kelly,0.06107596392137834
1,25,robust_G0,0.06094989820956313
1,25,robust_G1,0.06508160915715759
1,25,robust_G2,0.05548789417558572
1,25,robust_G3,0.03762816917653754
1,25,robust_G6,0.03762816917653754
1,25,equal_weight,0.04304146087547307
1,25,oracle_kelly,0.06715141660237664
1,26,naive_kelly,0.058929122016005316
1,26,robust_G0,0.058933437630979274
1,26,robust_G1,0.05187094580076049
1,26,robust_G2,0.04466883640691058
1,26,robust_G3,0.02932781683466182
1,26,robust_G6,0.01163988366324921
1,26,equal_weight,0.04815358524644542
1,26,oracle_kelly,0.06679967486972219
1,27,naive_kelly,0.061581408705379745
1,27,robust_G0,0.06158833636561379
1,27,robust_G1,0.06368675501060864
1,27,robust_G2,0.04881761255431049
1,27,robust_G3,0.045852235533302844
1,27,robust_G6,0.01978550862817857
1,27,equal_weight,0.059989851964303016
1,27,oracle_kelly,0.06618884084851209
1,28,naive_kelly,0.03264281354697117
1,28,robust_G0,0.03296789399927266
1,28,robust_G1,0.052761809719353805
1,28,robust_G2,0.04051168341907848
1,28,robust_G3,0.02160732254731881
1,28,robust_G6,0.009830756517966444
1,28,equal_weight,0.05184357513324609
1,28,oracle_kelly,0.05969265427743378
1,29,naive_kelly,0.0420001420480367
1,29,robust_G0,0.042261876483800156
1,29,robust_G1,0.06704989354051058
1,29,robust_G2,0.07177530434913144
1,29,robust_G3,0.06761396035826482
1,29,robust_G6,0.03580737885393372
1,29,equal_weight,0.06653993338410472
1,29,oracle_kelly,0.07500303724223213
1,30,naive_kelly,0.03238488990784236
1,30,robust_G0,0.0327526632140024
1,30,robust_G1,0.03958394928390433
1,30,robust_G2,0.03460027930334966
1,30,robust_G3,0.02146322345998029
1,30,robust_G6,0.004314188774294379
1,30,equal_weight,0.03741003415394769
1,30,oracle_kelly,0.04358319733744467
1,31,naive_kelly,0.06637247144610914
1,31,robust_G0,0.06673635391746595
1,31,robust_G1,0.06829365625358803
1,31,robust_G2,0.06642324864501739
1,31,robust_G3,0.06350874494345113
1,31,robust_G6,0.04776783298187495
1,31,equal_weight,0.06065662654493469
1,31,oracle_kelly,0.07353410166237162
1,32,naive_kelly,0.09352500868564226
1,32,robust_G0,0.09216385937641827
1,32,robust_G1,0.10183184164190273
1,32,robust_G2,0.09088042902895926
1,32,robust_G3,0.08149388243954891
1,32,robust_G6,0.04811976027228249
1,32,equal_weight,0.10211864797368563
1,32,oracle_kelly,0.10839288628814972
1,33,naive_kelly,0.05357624154901235
1,33,robust_G0,0.0537865762142826
1,33,robust_G1,0.0768961418374792
1,33,robust_G2,0.07533980633142101
1,33,robust_G3,0.07454676137240142
1,33,robust_G6,0.03151697457434918
1,33,equal_weight,0.07776871718769302
1,33,oracle_kelly,0.08366519214095858
1,34,naive_kelly,0.0631072024884585
1,34,robust_G0,0.06315499974243798
1,34,robust_G1,0.07395880476464298
1,34,robust_G2,0.06928536581668346
1,34,robust_G3,0.06449204415130935
1,34,robust_G6,0.022157588931112793
1,34,equal_weight,0.07029073898499377
1,34,oracle_kelly,0.0753370484142552
1,35,naive_kelly,0.0696340426727871
1,35,robust_G0,0.06879653116360507
1,35,robust_G1,0.08587741476564048
1,35,robust_G2,0.0836537221115955
1,35,robust_G3,0.08012197878164184
1,35,robust_G6,0.020348239082752097
1,35,equal_weight,0.08660699555164984
1,35,oracle_kelly,0.08721033101105588
1,36,naive_kelly,0.05154771611405194
1,36,robust_G0,0.05282510271856798
1,36,robust_G1,0.06544149598806409
1,36,robust_G2,0.06681579542271268
1,36,robust_G3,0.059627734139315255
1,36,robust_G6,0.017161470113808346
1,36,equal_weight,0.0740979149360561
1,36,oracle_kelly,0.07899956432556375
1,37,naive_kelly,0.06625767497348953
1,37,robust_G0,0.06423876506859874
1,37,robust_G1,0.08217239979656764
1,37,robust_G2,0.07872916407539106
1,37,robust_G3,0.056932392783760166
1,37,robust_G6,0.024522637536623135
1,37,equal_weight,0.07889170590269365
1,37,oracle_kelly,0.08420780166319067
1,38,naive_kelly,0.03091302975742268
1,38,robust_G0,0.03231645426291819
1,38,robust_G1,0.060079831805159335
1,38,robust_G2,0.05713717638056515
1,38,robust_G3,0.05318561991304834
1,38,robust_G6,0.013881355193110696
1,38,equal_weight,0.051286916116381455
1,38,oracle_kelly,0.06586511099711913
1,39,naive_kelly,0.027407992528621288
1,39,robust_G0,0.026846961951920194
1,39,robust_G1,0.03826625214003387
1,39,robust_G2,0.03279837473325127
1,39,robust_G3,0.02084738643421315
1,39,robust_G6,0.014289183607138378
1,39,equal_weight,0.033277848493551365
1,39,oracle_kelly,0.04051076080444703
1,40,naive_kelly,0.055372059747828405
1,40,robust_G0,0.0546782528442923
1,40,robust_G1,0.055775983791320816
1,40,robust_G2,0.05538764052418289
1,40,robust_G3,0.03844767878291001
1,40,robust_G6,0.02525466942759401
1,40,equal_weight,0.05799833743315329
1,40,oracle_kelly,0.07557357257663565
1,41,naive_kelly,0.05899796071005408
1,41,robust_G0,0.05901577631465746
1,41,robust_G1,0.06331335110532911
1,41,robust_G2,0.06126584043898313
1,41,robust_G3,0.053978060838668344
1,41,robust_G6,0.04020085139674035
1,41,equal_weight,0.052489133419595935
1,41,oracle_kelly,0.06427146453258435
1,42,naive_kelly,0.06873554985435402
1,42,robust_G0,0.06847559114671262
1,42,robust_G1,0.07619868745046071
1,42,robust_G2,0.07276984377412633
1,42,robust_G3,0.06899094126558539
1,42,robust_G6,0.05134994353030112
1,42,equal_weight,0.062244087985683566
1,42,oracle_kelly,0.07853756609784472
1,43,naive_kelly,0.028392000966385212
1,43,robust_G0,0.02813400690631925
1,43,robust_G1,0.050405846873279536
1,43,robust_G2,0.04907667457018313
1,43,robust_G3,0.04214360448325285
1,43,robust_G6,0.014841803823557419
1,43,equal_weight,0.0493071865636629
1,43,oracle_kelly,0.05828701191807677
1,44,naive_kelly,0.05805017948312802
1,44,robust_G0,0.058927090390978695
1,44,robust_G1,0.07611078441991934
1,44,robust_G2,0.07055967382606437
1,44,robust_G3,0.05559891219294964
1,44,robust_G6,0.030365628227882434
1,44,equal_weight,0.07169864892535771
1,44,oracle_kelly,0.07920609442818682
1,45,naive_kelly,0.06600528411485357
1,45,robust_G0,0.06627820365783066
1,45,robust_G1,0.07542666677668264
1,45,robust_G2,0.07092185712982818
1,45,robust_G3,0.06746004881362234
1,45,robust_G6,0.03989110982813273
1,45,equal_weight,0.07307744855631437
1,45,oracle_kelly,0.08091092140853687
1,46,naive_kelly,0.026508319078036927
1,46,robust_G0,0.027993480635712043
1,46,robust_G1,0.04629983264953895
1,46,robust_G2,0.03848006380379368
1,46,robust_G3,0.020138989071985483
1,46,robust_G6,0.012154713881551734
1,46,equal_weight,0.04354172851649187
1,46,oracle_kelly,0.05273060689637228
1,47,naive_kelly,0.07407183290824129
1,47,robust_G0,0.07401352434379421
1,47,robust_G1,0.07851894661806175
1,47,robust_G2,0.07813934058677897
1,47,robust_G3,0.07588983302270821
1,47,robust_G6,0.039628084256885854
1,47,equal_weight,0.07770534580744508
1,47,oracle_kelly,0.08259847989099364
1,48,naive_kelly,0.014483872706867748
1,48,robust_G0,0.014475358885024363
1,48,robust_G1,0.035007960105590305
1,48,robust_G2,0.034101019045132255
1,48,robust_G3,0.02491679115286178
1,48,robust_G6,0.0006354352963039642
1,48,equal_weight,0.03103956504854579
1,48,oracle_kelly,0.047373761617404905
1,49,naive_kelly,0.03174340669558466
1,49,robust_G0,0.03209151873878242
1,49,robust_G1,0.030677583028828025
1,49,robust_G2,0.028331453310646317
1,49,robust_G3,0.018644159707818898
1,49,robust_G6,0.007850737019577624
1,49,equal_weight,0.02459159413905837
1,49,oracle_kelly,0.03713869684454785
1,50,naive_kelly,0.061133124734111664
1,50,robust_G0,0.06045389987176575
1,50,robust_G1,0.05692525734445809
1,50,robust_G2,0.04770458608592818
1,50,robust_G3,0.0322665982039399
1,50,robust_G6,0.0036008568410394485
1,50,equal_weight,0.06632334401642478
1,50,oracle_kelly,0.07570811342869851
1,51,naive_kelly,0.0355198609093879
1,51,robust_G0,0.03831852674334395
1,51,robust_G1,0.061636406426892124
1,51,robust_G2,0.05250540180353425
1,51,robust_G3,0.045018720415075146
1,51,robust_G6,0.030604636728496285
1,51,equal_weight,0.05394919450908223
1,51,oracle_kelly,0.0626241670795902
1,52,naive_kelly,0.029169705327569097
1,52,robust_G0,0.02933281327503828
1,52,robust_G1,0.037496131502089095
1,52,robust_G2,0.03454122805675458
1,52,robust_G3,0.02543431527315058
1,52,robust_G6,0.002038595711813937
1,52,equal_weight,0.028256582652624408
1,52,oracle_kelly,0.04635845998492546
1,53,naive_kelly,0.03410802254728144
1,53,robust_G0,0.03272776759034611
1,53,robust_G1,0.05237008833773997
1,53,robust_G2,0.0431792323371942
1,53,robust_G3,0.02475996592811472
1,53,robust_G6,0.012893597523580155
1,53,equal_weight,0.042008482074325754
1,53,oracle_kelly,0.056912717211106925
1,54,naive_kelly,0.029110646072075627
1,54,robust_G0,0.030121922852023426
1,54,robust_G1,0.04244302554714434
1,54,robust_G2,0.040064126891290665
1,54,robust_G3,0.02153129570486277
1,54,robust_G6,0.011615359914241011
1,54,equal_weight,0.03671676965146775
1,54,oracle_kelly,0.04719863772493604
1,55,naive_kelly,0.0818045835585389
1,55,robust_G0,0.08129487006423318
1,55,robust_G1,0.07232721390453081
1,55,robust_G2,0.06640605108927064
1,55,robust_G3,0.060006814515041106
1,55,robust_G6,0.019172763556305858
1,55,equal_weight,0.08349452427424157
1,55,oracle_kelly,0.09651976876274948
1,56,naive_kelly,0.05829502363275986
1,56,robust_G0,0.05831038891851322
1,56,robust_G1,0.05856527122336233
1,56,robust_G2,0.057888476978257504
1,56,robust_G3,0.046175563489464604
1,56,robust_G6,0.019355775560437195
1,56,equal_weight,0.05418671395819153
1,56,oracle_kelly,0.06164260868586083
1,57,naive_kelly,0.07730736685095022
1,57,robust_G0,0.07690408858502348
1,57,robust_G1,0.056812027599552284
1,57,robust_G2,0.04841881048640282
1,57,robust_G3,0.03336316923710207
1,57,robust_G6,0.0
1,57,equal_weight,0.06686619877776578
1,57,oracle_kelly,0.07933056453954135
1,58,naive_kelly,0.09252039363098376
1,58,robust_G0,0.09108003190928514
1,58,robust_G1,0.11116191561558589
1,58,robust_G2,0.10712565936508575
1,58,robust_G3,0.08969271297153325
1,58,robust_G6,0.04109027366799332
1,58,equal_weight,0.10037386122714712
1,58,oracle_kelly,0.11330289696599398
1,59,naive_kelly,0.07186627491238716
1,59,robust_G0,0.0717722902809629
1,59,robust_G1,0.07460664022054236
1,59,robust_G2,0.07460320721331026
1,59,robust_G3,0.06932372624351849
1,59,robust_G6,0.02029419453164992
1,59,equal_weight,0.08129393268974211
1,59,oracle_kelly,0.08445730383432729
1,60,naive_kelly,0.06874117954722328
1,60,robust_G0,0.06958460768314238
1,60,robust_G1,0.07433207132540327
1,60,robust_G2,0.06723428154387912
1,60,robust_G3,0.057721673326604245
1,60,robust_G6,0.04027213817435817
1,60,equal_weight,0.05595705173924702
1,60,oracle_kelly,0.07566333039794494
1,61,naive_kelly,0.09251405596523948
1,61,robust_G0,0.09170429150914128
1,61,robust_G1,0.09674045997718718
1,61,robust_G2,0.09342282792816627
1,61,robust_G3,0.08725878016373093
1,61,robust_G6,0.02186082381575409
1,61,equal_weight,0.0887969132028363
1,61,oracle_kelly,0.10451927620469152
1,62,naive_kelly,0.04909888774741491
1,62,robust_G0,0.048850318775000304
1,62,robust_G1,0.059110758895089356
1,62,robust_G2,0.054794294494499365
1,62,robust_G3,0.038382951072481804
1,62,robust_G6,0.022024611108104775
1,62,equal_weight,0.051910412536940204
1,62,oracle_kelly,0.061804521999945544
1,63,naive_kelly,0.025922476248986567
1,63,robust_G0,0.02579945946904596
1,63,robust_G1,0.04297205908852556
1,63,robust_G2,0.03860717133176654
1,63,robust_G3,0.03209452791758435
1,63,robust_G6,0.012591943850778681
1,63,equal_weight,0.03815654249693679
1,63,oracle_kelly,0.04829936818637127
1,64,naive_kelly,0.03724943280672195
1,64,robust_G0,0.03814084527363713
1,64,robust_G1,0.038225288686643356
1,64,robust_G2,0.03824388268787501
1,64,robust_G3,0.029525978096817902
1,64,robust_G6,0.007233791337742577
1,64,equal_weight,0.037312889979263776
1,64,oracle_kelly,0.05496357364454467
1,65,naive_kelly,0.05494345139130212
1,65,robust_G0,0.054975313494883535
1,65,robust_G1,0.06186516636316979
1,65,robust_G2,0.0625381588592346
1,65,robust_G3,0.05215482636889541
1,65,robust_G6,0.029681113969279416
1,65,equal_weight,0.051388124636136075
1,65,oracle_kelly,0.0666642643402129
1,66,naive_kelly,0.027554900185191054
1,66,robust_G0,0.026456850343779856
1,66,robust_G1,0.0433192631170939
1,66,robust_G2,0.03714388481352582
1,66,robust_G3,0.024040673973135092
1,66,robust_G6,0.012952949076152884
1,66,equal_weight,0.036255039881473466
1,66,oracle_kelly,0.04856011756032497
1,67,naive_kelly,0.04349365296793545
1,67,robust_G0,0.04157142687569271
1,67,robust_G1,0.06319708766365545
1,67,robust_G2,0.055281099505810664
1,67,robust_G3,0.03673747373744081
1,67,robust_G6,0.02373156287661836
1,67,equal_weight,0.052616689827147886
1,67,oracle_kelly,0.06602299350482306
1,68,naive_kelly,0.0649034098512744
1,68,robust_G0,0.06591255253852703
1,68,robust_G1,0.07764137698629654
1,68,robust_G2,0.07534910291265601
1,68,robust_G3,0.05776542718149139
1,68,robust_G6,0.021995277440412086
1,68,equal_weight,0.07307408588921191
1,68,oracle_kelly,0.08678630517984004
1,69,naive_kelly,0.05306534539721524
1,69,robust_G0,0.05215608365417329
1,69,robust_G1,0.08417148430956689
1,69,robust_G2,0.0818539864257471
1,69,robust_G3,0.0710157967115972
1,69,robust_G6,0.040024432810343694
1,69,equal_weight,0.07248512679220107
1,69,oracle_kelly,0.08801953840553128
1,70,naive_kelly,0.04525539704628595
1,70,robust_G0,0.04506115365042866
1,70,robust_G1,0.07083986160587999
1,70,robust_G2,0.06537720375727714
1,70,robust_G3,0.040639680355009006
1,70,robust_G6,0.003485571389679462
1,70,equal_weight,0.07875682791554688
1,70,oracle_kelly,0.08453395068959818
1,71,naive_kelly,0.06217502256258696
1,71,robust_G0,0.06262043251169223
1,71,robust_G1,0.06474849573304864
1,71,robust_G2,0.06112412289203966
1,71,robust_G3,0.046550939554786425
1,71,robust_G6,0.016787969929175892
1,71,equal_weight,0.06095621326352168
1,71,oracle_kelly,0.07142055078678099
1,72,naive_kelly,0.07378606395380702
1,72,robust_G0,0.07383877538099631
1,72,robust_G1,0.08993863667822119
1,72,robust_G2,0.0793678629062732
1,72,robust_G3,0.07817464978043785
1,72,robust_G6,0.06965962224597963
1,72,equal_weight,0.08740591715162963
1,72,oracle_kelly,0.09284046430256171
1,73,naive_kelly,0.04934545588052617
1,73,robust_G0,0.04941300029201929
1,73,robust_G1,0.0551839093801989
1,73,robust_G2,0.04783880480142892
1,73,robust_G3,0.02451531534057048
1,73,robust_G6,0.01988769448940801
1,73,equal_weight,0.04220066987061001
1,73,oracle_kelly,0.05659866417789596
1,74,naive_kelly,0.07988955621988697
1,74,robust_G0,0.0794897288645271
1,74,robust_G1,0.08149676160241906
1,74,robust_G2,0.07982879132029116
1,74,robust_G3,0.0765547650232034
1,74,robust_G6,0.032860109442547886
1,74,equal_weight,0.08310315774572843
1,74,oracle_kelly,0.08822458591927075
1,75,naive_kelly,0.06609589904179633
1,75,robust_G0,0.06626113652031398
1,75,robust_G1,0.07323068323071474
1,75,robust_G2,0.06540396180579366
1,75,robust_G3,0.04089676841204941
1,75,robust_G6,0.022321335159912817
1,75,equal_weight,0.0638836345388315
1,75,oracle_kelly,0.07656058813332713
1,76,naive_kelly,0.045066840043183766
1,76,robust_G0,0.04433648241917721
1,76,robust_G1,0.06525882038760827
1,76,robust_G2,0.06651041817272482
1,76,robust_G3,0.05298403677221086
1,76,robust_G6,0.034929389333665045
1,76,equal_weight,0.05757893358558345
1,76,oracle_kelly,0.07593360289219364
1,77,naive_kelly,0.08052881816798216
1,77,robust_G0,0.07940324445487154
1,77,robust_G1,0.09118085336167345
1,77,robust_G2,0.09258960305985266
1,77,robust_G3,0.08974257609063686
1,77,robust_G6,0.06807188608014555
1,77,equal_weight,0.0855349571192303
1,77,oracle_kelly,0.09502969420017136
1,78,naive_kelly,0.04530917691349484
1,78,robust_G0,0.04540196515356563
1,78,robust_G1,0.04456238879955203
1,78,robust_G2,0.035488492071251584
1,78,robust_G3,0.021915444814811856
1,78,robust_G6,0.012004615060611526
1,78,equal_weight,0.0324898763887053
1,78,oracle_kelly,0.0507397773745511
1,79,naive_kelly,0.05757537947619064
1,79,robust_G0,0.05800391478517835
1,79,robust_G1,0.06768469095642674
1,79,robust_G2,0.06104336582746743
1,79,robust_G3,0.05348059937868764
1,79,robust_G6,0.02721338480375679
1,79,equal_weight,0.05382395510181011
1,79,oracle_kelly,0.06915018533832162
1,80,naive_kelly,0.03832883896700397
1,80,robust_G0,0.038470521026454305
1,80,robust_G1,0.038470521026454305
1,80,robust_G2,0.037832344262876766
1,80,robust_G3,0.026200391226207115
1,80,robust_G6,0.021043588001330146
1,80,equal_weight,0.017781484758555625
1,80,oracle_kelly,0.03979304529242167
1,81,naive_kelly,0.024063725092843775
1,81,robust_G0,0.0223451329540527
1,81,robust_G1,0.039508279305588256
1,81,robust_G2,0.03674351236802743
1,81,robust_G3,0.024089222231100587
1,81,robust_G6,0.01506575657593304
1,81,equal_weight,0.03369559809639968
1,81,oracle_kelly,0.04839551287349098
1,82,naive_kelly,0.06879923117113543
1,82,robust_G0,0.06855844586268728
1,82,robust_G1,0.06725131174258332
1,82,robust_G2,0.06671601110514647
1,82,robust_G3,0.06605479522452065
1,82,robust_G6,0.025396823072884947
1,82,equal_weight,0.06546062621526993
1,82,oracle_kelly,0.07862570383189485
1,83,naive_kelly,0.05670584810606843
1,83,robust_G0,0.05686014101177926
1,83,robust_G1,0.04595017491521207
1,83,robust_G2,0.036983221225821025
1,83,robust_G3,0.033651686229333955
1,83,robust_G6,0.02677539292624032
1,83,equal_weight,0.05380116962760593
1,83,oracle_kelly,0.061169501440421103
1,84,naive_kelly,0.05499546802584597
1,84,robust_G0,0.055180166106653675
1,84,robust_G1,0.05481249692976318
1,84,robust_G2,0.05507239461444909
1,84,robust_G3,0.050655647665552056
1,84,robust_G6,0.03780347419533872
1,84,equal_weight,0.046665087363970556
1,84,oracle_kelly,0.06099276596662417
1,85,naive_kelly,0.06301616539232739
1,85,robust_G0,0.06283602023792649
1,85,robust_G1,0.06638390768953097
1,85,robust_G2,0.06364637726650522
1,85,robust_G3,0.04917459894166893
1,85,robust_G6,0.025318432400194223
1,85,equal_weight,0.06604848032375338
1,85,oracle_kelly,0.07724143217146527
1,86,naive_kelly,0.06761311749406825
1,86,robust_G0,0.06803805301713411
1,86,robust_G1,0.07180228460447108
1,86,robust_G2,0.06872361805067675
1,86,robust_G3,0.05656936219130164
1,86,robust_G6,0.01145757242175027
1,86,equal_weight,0.08003535846699143
1,86,oracle_kelly,0.08443159873181949
1,87,naive_kelly,0.014001784032763968
1,87,robust_G0,0.01375193078350273
1,87,robust_G1,0.02262996963773254
1,87,robust_G2,0.023890416041044756
1,87,robust_G3,0.01496569001022903
1,87,robust_G6,0.0016631456171497042
1,87,equal_weight,0.02384601262807294
1,87,oracle_kelly,0.03153467212588696
1,88,naive_kelly,0.06235171588635992
1,88,robust_G0,0.060656164718494276
1,88,robust_G1,0.07676469700054095
1,88,robust_G2,0.06414073359368727
1,88,robust_G3,0.04598161223830568
1,88,robust_G6,0.02796992213501509
1,88,equal_weight,0.07086528508765452
1,88,oracle_kelly,0.08153944775039901
1,89,naive_kelly,0.03355440477982359
1,89,robust_G0,0.03316580574560645
1,89,robust_G1,0.0366538082648604
1,89,robust_G2,0.03656297529897912
1,89,robust_G3,0.022754301488650555
1,89,robust_G6,0.022754301488650555
1,89,equal_weight,0.030367427542046237
1,89,oracle_kelly,0.04291886002759077
1,90,naive_kelly,0.06361488682768102
1,90,robust_G0,0.06367590898141182
1,90,robust_G1,0.05565652808472968
1,90,robust_G2,0.05357666922551694
1,90,robust_G3,0.05357666922551694
1,90,robust_G6,0.02238371160017306
1,90,equal_weight,0.061758189532524516
1,90,oracle_kelly,0.07562076560077016
1,91,naive_kelly,0.05639193940594606
1,91,robust_G0,0.056543939737793134
1,91,robust_G1,0.05721697553691529
1,91,robust_G2,0.053666500924861
1,91,robust_G3,0.04849691671043198
1,91,robust_G6,0.01967833010372881
1,91,equal_weight,0.05534202895129352
1,91,oracle_kelly,0.06291563002750003
1,92,naive_kelly,0.02833563957702496
1,92,robust_G0,0.028108748610455023
1,92,robust_G1,0.04260555819380666
1,92,robust_G2,0.03136246567013355
1,92,robust_G3,0.017014688300281078
1,92,robust_G6,0.009293727906742391
1,92,equal_weight,0.039674673743242336
1,92,oracle_kelly,0.047790830876646734
1,93,naive_kelly,0.03332025211546118
1,93,robust_G0,0.03347588279351076
1,93,robust_G1,0.03932544052102938
1,93,robust_G2,0.04165510736190236
1,93,robust_G3,0.03629790448516039
1,93,robust_G6,0.019140548372349027
1,93,equal_weight,0.030021792098446458
1,93,oracle_kelly,0.04480741254593508
1,94,naive_kelly,0.08176881584878558
1,94,robust_G0,0.08297162920496859
1,94,robust_G1,0.08696273438686736
1,94,robust_G2,0.07195121548620344
1,94,robust_G3,0.0560100167459396
1,94,robust_G6,0.04204584602013879
1,94,equal_weight,0.07253088695778578
1,94,oracle_kelly,0.09100575321242986
1,95,naive_kelly,0.045307799155950554
1,95,robust_G0,0.04521825687186616
1,95,robust_G1,0.056928270044765084
1,95,robust_G2,0.05608138753274208
1,95,robust_G3,0.04275691243437427
1,95,robust_G6,0.024253795185820458
1,95,equal_weight,0.058254788887244044
1,95,oracle_kelly,0.0630757656015335
1,96,naive_kelly,0.028159775189868206
1,96,robust_G0,0.027932813731259082
1,96,robust_G1,0.05013588831183551
1,96,robust_G2,0.046915887210059806
1,96,robust_G3,0.0344586940399426
1,96,robust_G6,0.009146937826174584
1,96,equal_weight,0.043252014003268474
1,96,oracle_kelly,0.05359783461621033
1,97,naive_kelly,0.06705921257503651
1,97,robust_G0,0.06534885997344168
1,97,robust_G1,0.08764824986308684
1,97,robust_G2,0.08687566434333073
1,97,robust_G3,0.07447514955866688
1,97,robust_G6,0.057598295868156714
1,97,equal_weight,0.07005417261955187
1,97,oracle_kelly,0.09384439906410359
1,98,naive_kelly,0.07032596899633475
1,98,robust_G0,0.06987459593572592
1,98,robust_G1,0.0855663871281289
1,98,robust_G2,0.08214645999446005
1,98,robust_G3,0.07091571315789756
1,98,robust_G6,0.040221222854298126
1,98,equal_weight,0.0816528216032146
1,98,oracle_kelly,0.09151326666766962
1,99,naive_kelly,0.03310419762377394
1,99,robust_G0,0.03376936312874183
1,99,robust_G1,0.036116209901321986
1,99,robust_G2,0.03587222220604225
1,99,robust_G3,0.03587222220604225
1,99,robust_G6,0.0051200593323648385
1,99,equal_weight,0.03162279297403801
1,99,oracle_kelly,0.04312779919395197
1,100,naive_kelly,0.030213384582829017
1,100,robust_G0,0.030464145080678576
1,100,robust_G1,0.04022751611710597
1,100,robust_G2,0.042716425923528374
1,100,robust_G3,0.03700470785050041
1,100,robust_G6,0.02081903430120243
1,100,equal_weight,0.03521662504631932
1,100,oracle_kelly,0.04536862141819685
1,101,naive_kelly,0.037296631642217234
1,101,robust_G0,0.036380469066239145
1,101,robust_G1,0.05233914730344247
1,101,robust_G2,0.04746611382533844
1,101,robust_G3,0.04556288749962198
1,101,robust_G6,0.017314597519995305
1,101,equal_weight,0.05058109138561277
1,101,oracle_kelly,0.05582709505092606
1,102,naive_kelly,0.06445512659004465
1,102,robust_G0,0.06356801435542195
1,102,robust_G1,0.0750464722671618
1,102,robust_G2,0.07461792424682925
1,102,robust_G3,0.06626401497569538
1,102,robust_G6,0.02605534543402971
1,102,equal_weight,0.061685782921383304
1,102,oracle_kelly,0.07668179390358443
1,103,naive_kelly,0.1042158000196055
1,103,robust_G0,0.10518906289668223
1,103,robust_G1,0.11597500173961628
1,103,robust_G2,0.11326222084145822
1,103,robust_G3,0.10978784089440788
1,103,robust_G6,0.05505914837213733
1,103,equal_weight,0.12127804300499295
1,103,oracle_kelly,0.12410107796183785
1,104,naive_kelly,0.05352535856137214
1,104,robust_G0,0.052344121992351715
1,104,robust_G1,0.0803463699753289
1,104,robust_G2,0.07424961884554329
1,104,robust_G3,0.05304964723208519
1,104,robust_G6,0.025704084941748234
1,104,equal_weight,0.08267783903952278
1,104,oracle_kelly,0.08718910981791245
1,105,naive_kelly,0.04480215665870021
1,105,robust_G0,0.04474692527903471
1,105,robust_G1,0.06272685419405172
1,105,robust_G2,0.06533329230221283
1,105,robust_G3,0.06250524207096882
1,105,robust_G6,0.023052837297866634
1,105,equal_weight,0.060859503852536495
1,105,oracle_kelly,0.06839489722679208
1,106,naive_kelly,0.07194932348290885
1,106,robust_G0,0.07129508524962948
1,106,robust_G1,0.06903063718204631
1,106,robust_G2,0.06144751314462907
1,106,robust_G3,0.04067819482935357
1,106,robust_G6,0.007207486776367591
1,106,equal_weight,0.07128283568095037
1,106,oracle_kelly,0.07708373177249436
1,107,naive_kelly,0.031229406894501092
1,107,robust_G0,0.031219588954306873
1,107,robust_G1,0.04654620272871696
1,107,robust_G2,0.047071405339135064
1,107,robust_G3,0.0446645137604455
1,107,robust_G6,0.018145961862103717
1,107,equal_weight,0.041676510316776855
1,107,oracle_kelly,0.052128263114108904
1,108,naive_kelly,0.02079560272709103
1,108,robust_G0,0.021068944857863484
1,108,robust_G1,0.030353638337984986
1,108,robust_G2,0.02977586279828316
1,108,robust_G3,0.016314898940306126
1,108,robust_G6,0.002802705570315242
1,108,equal_weight,0.03195756173347154
1,108,oracle_kelly,0.03530206174002092
1,109,naive_kelly,0.05191065141679107
1,109,robust_G0,0.04993829540514394
1,109,robust_G1,0.08242397375275241
1,109,robust_G2,0.08495943255927758
1,109,robust_G3,0.0812627817248549
1,109,robust_G6,0.02610183958530677
1,109,equal_weight,0.07510604788297218
1,109,oracle_kelly,0.0890636711646503
1,110,naive_kelly,0.087204592999432
1,110,robust_G0,0.08631399498137923
1,110,robust_G1,0.07136213975236058
1,110,robust_G2,0.07153991546753716
1,110,robust_G3,0.05733199859342494
1,110,robust_G6,0.012750155622018377
1,110,equal_weight,0.08810846107036957
1,110,oracle_kelly,0.09591113778193863
1,111,naive_kelly,0.059268162921549766
1,111,robust_G0,0.062476196338059675
1,111,robust_G1,0.09643327423325562
1,111,robust_G2,0.09116731529498659
1,111,robust_G3,0.08656672171142415
1,111,robust_G6,0.062848215591127
1,111,equal_weight,0.08724645554177837
1,111,oracle_kelly,0.09898915793929217
1,112,naive_kelly,0.06552378029049707
1,112,robust_G0,0.06579385591048566
1,112,robust_G1,0.09969186612640163
1,112,robust_G2,0.09279067490680688
1,112,robust_G3,0.07494848099070109
1,112,robust_G6,0.038056822614202956
1,112,equal_weight,0.0946558638243927
1,112,oracle_kelly,0.10216078999782438
1,113,naive_kelly,0.025033770276656635
1,113,robust_G0,0.02502541425914899
1,113,robust_G1,0.03809647976785826
1,113,robust_G2,0.03610292970051949
1,113,robust_G3,0.02668177823004541
1,113,robust_G6,0.01599308024271827
1,113,equal_weight,0.037728001751285725
1,113,oracle_kelly,0.040055101759211745
1,114,naive_kelly,0.08304176908456339
1,114,robust_G0,0.08385736246074507
1,114,robust_G1,0.09989009038799873
1,114,robust_G2,0.09844052997301167
1,114,robust_G3,0.09210037637525996
1,114,robust_G6,0.054497474984949
1,114,equal_weight,0.0990495086812847
1,114,oracle_kelly,0.10396649981725735
1,115,naive_kelly,0.06292196534865974
1,115,robust_G0,0.06321467194551944
1,115,robust_G1,0.06771224053504038
1,115,robust_G2,0.06703275249816859
1,115,robust_G3,0.0580473260005718
1,115,robust_G6,0.02211755371880731
1,115,equal_weight,0.06740357252172367
1,115,oracle_kelly,0.07360058042645512
1,116,naive_kelly,0.05618855718957235
1,116,robust_G0,0.05544451731584138
1,116,robust_G1,0.05207460363473551
1,116,robust_G2,0.04842949166333362
1,116,robust_G3,0.034862933878170944
1,116,robust_G6,0.017777193146487853
1,116,equal_weight,0.043424705386653314
1,116,oracle_kelly,0.06367412173552758
1,117,naive_kelly,0.034673518598490084
1,117,robust_G0,0.03541693624676506
1,117,robust_G1,0.034209641462137064
1,117,robust_G2,0.025340471488564782
1,117,robust_G3,0.010225685345816207
1,117,robust_G6,0.010225685345816207
1,117,equal_weight,0.03675471569904312
1,117,oracle_kelly,0.04655659958768941
1,118,naive_kelly,0.04444178065795952
1,118,robust_G0,0.04443706444280962
1,118,robust_G1,0.04906977200568004
1,118,robust_G2,0.04381690793010602
1,118,robust_G3,0.039062605114584356
1,118,robust_G6,0.01581404251778302
1,118,equal_weight,0.04975417575535471
1,118,oracle_kelly,0.05639820824694434
1,119,naive_kelly,0.02324082855284837
1,119,robust_G0,0.02067777416096248
1,119,robust_G1,0.06372698920853288
1,119,robust_G2,0.06343691086540992
1,119,robust_G3,0.05714133961605222
1,119,robust_G6,0.025254127532284606
1,119,equal_weight,0.04911059598124025
1,119,oracle_kelly,0.06869622048622107
1,120,naive_kelly,0.06665434560186795
1,120,robust_G0,0.06848538243206294
1,120,robust_G1,0.08575205457621762
1,120,robust_G2,0.07988675883227672
1,120,robust_G3,0.07764295451060109
1,120,robust_G6,0.030193337064660042
1,120,equal_weight,0.07891866665599123
1,120,oracle_kelly,0.08622711619511125
1,121,naive_kelly,0.04835729735311223
1,121,robust_G0,0.04857769753015255
1,121,robust_G1,0.058521324971755495
1,121,robust_G2,0.04232715443517862
1,121,robust_G3,0.027763626943646248
1,121,robust_G6,0.015622293094312248
1,121,equal_weight,0.06058009808437717
1,121,oracle_kelly,0.07166307615066349
1,122,naive_kelly,0.04822209349960135
1,122,robust_G0,0.047592571556343555
1,122,robust_G1,0.06062918368458306
1,122,robust_G2,0.06031346935665924
1,122,robust_G3,0.055267813006894616
1,122,robust_G6,0.029435416225646743
1,122,equal_weight,0.056377192326779096
1,122,oracle_kelly,0.0631659584701328
1,123,naive_kelly,0.05529855844237016
1,123,robust_G0,0.05530894849650443
1,123,robust_G1,0.0683842509886618
1,123,robust_G2,0.06253442063647985
1,123,robust_G3,0.052315583664547305
1,123,robust_G6,0.014654474701708869
1,123,equal_weight,0.06261441930342249
1,123,oracle_kelly,0.07248551477612422
1,124,naive_kelly,0.03655461811741885
1,124,robust_G0,0.03658554957080741
1,124,robust_G1,0.05342210957565289
1,124,robust_G2,0.0481695848010224
1,124,robust_G3,0.04595854064702694
1,124,robust_G6,0.01174656463131429
1,124,equal_weight,0.05219615568341808
1,124,oracle_kelly,0.06313067528819419
1,125,naive_kelly,0.03151516674114515
1,125,robust_G0,0.03078048307928956
1,125,robust_G1,0.04481557380207525
1,125,robust_G2,0.043246948516122645
1,125,robust_G3,0.027074246327169246
1,125,robust_G6,0.011193356109285436
1,125,equal_weight,0.03158335704102143
1,125,oracle_kelly,0.05050308148453453
1,126,naive_kelly,0.03937398103994251
1,126,robust_G0,0.0394769244706464
1,126,robust_G1,0.04691719501459429
1,126,robust_G2,0.04853188650290158
1,126,robust_G3,0.03787914778149905
1,126,robust_G6,0.03334267046850031
1,126,equal_weight,0.04153561729553239
1,126,oracle_kelly,0.049631134777440064
1,127,naive_kelly,0.03970833305102415
1,127,robust_G0,0.03948175486407077
1,127,robust_G1,0.06413051701046088
1,127,robust_G2,0.054422903913352416
1,127,robust_G3,0.030895611964205795
1,127,robust_G6,0.009268528414661067
1,127,equal_weight,0.06356880851667478
1,127,oracle_kelly,0.07004804810281201
1,128,naive_kelly,0.054665223690820414
1,128,robust_G0,0.05342056191242126
1,128,robust_G1,0.066528522341735
1,128,robust_G2,0.0645040298826865
1,128,robust_G3,0.0472442764759186
1,128,robust_G6,0.02399027330538273
1,128,equal_weight,0.07134559790590059
1,128,oracle_kelly,0.07470121422447762
1,129,naive_kelly,0.03673542955888924
1,129,robust_G0,0.03602112605718423
1,129,robust_G1,0.05527722237213852
1,129,robust_G2,0.05340459044372476
1,129,robust_G3,0.04346669431165276
1,129,robust_G6,0.019429333345502207
1,129,equal_weight,0.042482296615791615
1,129,oracle_kelly,0.06071639636327057
1,130,naive_kelly,0.07098430363998329
1,130,robust_G0,0.0708511359792783
1,130,robust_G1,0.06410865596986326
1,130,robust_G2,0.06305140551027777
1,130,robust_G3,0.05925784199364957
1,130,robust_G6,0.020772079004536603
1,130,equal_weight,0.06337994764054437
1,130,oracle_kelly,0.07802296911040002
1,131,naive_kelly,0.0385350200800861
1,131,robust_G0,0.038853918886908034
1,131,robust_G1,0.054765358515143026
1,131,robust_G2,0.0447859472357819
1,131,robust_G3,0.03147471251709001
1,131,robust_G6,0.007800018220915722
1,131,equal_weight,0.04594466883889932
1,131,oracle_kelly,0.05904323345986258
1,132,naive_kelly,0.05074701478938197
1,132,robust_G0,0.05063686038274393
1,132,robust_G1,0.04858258071486282
1,132,robust_G2,0.04287985274367048
1,132,robust_G3,0.02160524102916888
1,132,robust_G6,0.006633041828565181
1,132,equal_weight,0.05518719501248235
1,132,oracle_kelly,0.06049100173752352
1,133,naive_kelly,0.024187276812318043
1,133,robust_G0,0.02416699691222782
1,133,robust_G1,0.03995729306912929
1,133,robust_G2,0.038741046023817546
1,133,robust_G3,0.02520579823637157
1,133,robust_G6,0.02434332342983024
1,133,equal_weight,0.03519455761607971
1,133,oracle_kelly,0.043783236903323954
1,134,naive_kelly,0.04446547651251189
1,134,robust_G0,0.044204024569209466
1,134,robust_G1,0.04695193362789719
1,134,robust_G2,0.04076453460037778
1,134,robust_G3,0.025414852429494095
1,134,robust_G6,0.009911056822618204
1,134,equal_weight,0.036333425164971234
1,134,oracle_kelly,0.05254897935670083
1,135,naive_kelly,0.08130936360571153
1,135,robust_G0,0.07996016772877446
1,135,robust_G1,0.08802511147135836
1,135,robust_G2,0.08531747933139257
1,135,robust_G3,0.06897444686958666
1,135,robust_G6,0.02202633558716274
1,135,equal_weight,0.08681248535009314
1,135,oracle_kelly,0.093470978507982
1,136,naive_kelly,0.05722928887112189
1,136,robust_G0,0.05572588482271307
1,136,robust_G1,0.0644320342196935
1,136,robust_G2,0.06552322708237973
1,136,robust_G3,0.061888747645903186
1,136,robust_G6,0.02849943286696762
1,136,equal_weight,0.06681395623962846
1,136,oracle_kelly,0.07068220561017413
1,137,naive_kelly,0.0120099727467891
1,137,robust_G0,0.010001085896763549
1,137,robust_G1,0.0390280675684721
1,137,robust_G2,0.04223104840554466
1,137,robust_G3,0.04182100991044843
1,137,robust_G6,0.029731197845585755
1,137,equal_weight,0.03993554922612952
1,137,oracle_kelly,0.04341223935514962
1,138,naive_kelly,0.06526238137687343
1,138,robust_G0,0.06570577354732471
1,138,robust_G1,0.06548033017928667
1,138,robust_G2,0.0639005397369525
1,138,robust_G3,0.04412210045971346
1,138,robust_G6,0.011547990699396098
1,138,equal_weight,0.07362808643603443
1,138,oracle_kelly,0.0779703749960807
1,139,naive_kelly,0.06392469864480542
1,139,robust_G0,0.06383915384916881
1,139,robust_G1,0.06903254884300185
1,139,robust_G2,0.07015916020176664
1,139,robust_G3,0.05341853885432562
1,139,robust_G6,0.015402600046911637
1,139,equal_weight,0.07462560279598221
1,139,oracle_kelly,0.07747002893336602
1,140,naive_kelly,0.05473235516930368
1,140,robust_G0,0.05299649075314271
1,140,robust_G1,0.08090488336290001
1,140,robust_G2,0.07807069457483594
1,140,robust_G3,0.06961467209269448
1,140,robust_G6,0.035931344580079475
1,140,equal_weight,0.06340201134874332
1,140,oracle_kelly,0.08262907298344929
1,141,naive_kelly,0.0621503882858752
1,141,robust_G0,0.06256785298904612
1,141,robust_G1,0.07905799151804213
1,141,robust_G2,0.07235763182103222
1,141,robust_G3,0.06037223001357281
1,141,robust_G6,0.02888044308537037
1,141,equal_weight,0.07545263199551905
1,141,oracle_kelly,0.08480320949817738
1,142,naive_kelly,0.06764416107322337
1,142,robust_G0,0.06754894046164345
1,142,robust_G1,0.07496295576527509
1,142,robust_G2,0.06628034597147824
1,142,robust_G3,0.04969493998592957
1,142,robust_G6,0.024552803880750432
1,142,equal_weight,0.06114319137916141
1,142,oracle_kelly,0.07659433569207023
1,143,naive_kelly,0.057520597234656294
1,143,robust_G0,0.059737201204073595
1,143,robust_G1,0.07155182995034955
1,143,robust_G2,0.0714010270982806
1,143,robust_G3,0.04759664354854661
1,143,robust_G6,0.03347986768661458
1,143,equal_weight,0.0633010190661268
1,143,oracle_kelly,0.07616052364912844
1,144,naive_kelly,0.08907114479371048
1,144,robust_G0,0.08942728518672041
1,144,robust_G1,0.09674901878268223
1,144,robust_G2,0.09831300091935627
1,144,robust_G3,0.09565114527693305
1,144,robust_G6,0.0652678494056309
1,144,equal_weight,0.09357977163222174
1,144,oracle_kelly,0.1040358915393175
1,145,naive_kelly,0.06566466061242528
1,145,robust_G0,0.0654509916773047
1,145,robust_G1,0.07580034427951511
1,145,robust_G2,0.07327439881405377
1,145,robust_G3,0.06722373266673472
1,145,robust_G6,0.039933176023957406
1,145,equal_weight,0.06711022129482999
1,145,oracle_kelly,0.08004362567044153
1,146,naive_kelly,0.04367024815709873
1,146,robust_G0,0.041702576634727095
1,146,robust_G1,0.05456823063270233
1,146,robust_G2,0.05191357980837663
1,146,robust_G3,0.0423737458827328
1,146,robust_G6,0.028731005030469742
1,146,equal_weight,0.05552384947520599
1,146,oracle_kelly,0.05922044330787989
1,147,naive_kelly,0.048485556358654716
1,147,robust_G0,0.04854012472418291
1,147,robust_G1,0.056411474604272434
1,147,robust_G2,0.056836911068122734
1,147,robust_G3,0.0539218481935019
1,147,robust_G6,0.024315791476145578
1,147,equal_weight,0.050881251795347165
1,147,oracle_kelly,0.05784527625644389
1,148,naive_kelly,0.005960485340798612
1,148,robust_G0,0.0026531061768227627
1,148,robust_G1,0.04040832190519205
1,148,robust_G2,0.029768460344141233
1,148,robust_G3,0.017823835545320438
1,148,robust_G6,0.017823835545320438
1,148,equal_weight,0.03858578964292548
1,148,oracle_kelly,0.04508125195465739
1,149,naive_kelly,0.053861786795671086
1,149,robust_G0,0.05490278540507805
1,149,robust_G1,0.062558432141623
1,149,robust_G2,0.06182733474624435
1,149,robust_G3,0.0538529679998563
1,149,robust_G6,0.02150051793995922
1,149,equal_weight,0.05773441257622574
1,149,oracle_kelly,0.06743448478743953
2,0,naive_kelly,0.03456992350719302
2,0,robust_G0,0.03363809149071291
2,0,robust_G1,0.04817224455000137
2,0,robust_G2,0.05137878864577437
2,0,robust_G3,0.049368437490032814
2,0,robust_G6,0.010073771450223284
2,0,equal_weight,0.0494793057002553
2,0,oracle_kelly,0.058714719646079286
2,1,naive_kelly,0.0367674293630595
2,1,robust_G0,0.03759457860974063
2,1,robust_G1,0.05335199397553143
2,1,robust_G2,0.0604336496580125
2,1,robust_G3,0.043480978637860844
2,1,robust_G6,0.010730229436402304
2,1,equal_weight,0.06290056576155559
2,1,oracle_kelly,0.06660625296780676
2,2,naive_kelly,-0.022977777559134095
2,2,robust_G0,-0.02212010963581928
2,2,robust_G1,0.01604826698215783
2,2,robust_G2,0.03848078207642039
2,2,robust_G3,0.03023275061707352
2,2,robust_G6,0.02352315731010897
2,2,equal_weight,0.03632212689798746
2,2,oracle_kelly,0.040589791719198236
2,3,naive_kelly,0.0347683135820071
2,3,robust_G0,0.03523989741132051
2,3,robust_G1,0.04063553630526642
2,3,robust_G2,0.0480891883621575
2,3,robust_G3,0.04894082134299292
2,3,robust_G6,0.03142669051746094
2,3,equal_weight,0.04526720146885962
2,3,oracle_kelly,0.052976257051228395
2,4,naive_kelly,0.07929584810311341
2,4,robust_G0,0.07927912088697825
2,4,robust_G1,0.09938066058491159
2,4,robust_G2,0.10439398985087792
2,4,robust_G3,0.1029118348581215
2,4,robust_G6,0.08597273326242473
2,4,equal_weight,0.09007055956146427
2,4,oracle_kelly,0.10487617833566479
2,5,naive_kelly,0.06623085541327411
2,5,robust_G0,0.06668132594992815
2,5,robust_G1,0.0807286380335504
2,5,robust_G2,0.08484055397790433
2,5,robust_G3,0.08393047035339757
2,5,robust_G6,0.06448326636594387
2,5,equal_weight,0.07700550976063864
2,5,oracle_kelly,0.0862873740615975
2,6,naive_kelly,0.0838508905879022
2,6,robust_G0,0.08206050195475083
2,6,robust_G1,0.09130401458715337
2,6,robust_G2,0.09014851987035069
2,6,robust_G3,0.07779480345697999
2,6,robust_G6,0.02869711386915728
2,6,equal_weight,0.09681506070798956
2,6,oracle_kelly,0.10319027181178307
2,7,naive_kelly,0.03833033750356937
2,7,robust_G0,0.03837340950427645
2,7,robust_G1,0.0570712522986824
2,7,robust_G2,0.05991887383634334
2,7,robust_G3,0.05308794073261033
2,7,robust_G6,0.038625235598246405
2,7,equal_weight,0.05065666678961837
2,7,oracle_kelly,0.06343754170306368
2,8,naive_kelly,0.042590513640071326
2,8,robust_G0,0.0427382989383594
2,8,robust_G1,0.050834003160096154
2,8,robust_G2,0.051741191548815194
2,8,robust_G3,0.04382402548471029
2,8,robust_G6,0.011840552963736685
2,8,equal_weight,0.05534233590328164
2,8,oracle_kelly,0.06400103646064184
2,9,naive_kelly,0.031232430974904503
2,9,robust_G0,0.03218011898117053
2,9,robust_G1,0.03396523331408098
2,9,robust_G2,0.034149985854063425
2,9,robust_G3,0.028008382359978632
2,9,robust_G6,0.0196627806285138
2,9,equal_weight,0.029014699369965397
2,9,oracle_kelly,0.04295070889578215
2,10,naive_kelly,0.010046412836877943
2,10,robust_G0,0.010707171331062566
2,10,robust_G1,0.03746236983485595
2,10,robust_G2,0.0445015686310947
2,10,robust_G3,0.040087594576437825
2,10,robust_G6,0.016701672370089248
2,10,equal_weight,0.0413546830642497
2,10,oracle_kelly,0.047948117889413826
2,11,naive_kelly,0.053558686021968616
2,11,robust_G0,0.05389641481747279
2,11,robust_G1,0.08285548565699193
2,11,robust_G2,0.0931275218776636
2,11,robust_G3,0.08799365748364091
2,11,robust_G6,0.06386182294058473
2,11,equal_weight,0.0886859947879286
2,11,oracle_kelly,0.09436261010647175
2,12,naive_kelly,0.02822038391874183
2,12,robust_G0,0.02859201117762046
2,12,robust_G1,0.0286462024912623
2,12,robust_G2,0.03830192912828635
2,12,robust_G3,0.027349620846274486
2,12,robust_G6,0.013836969371074185
2,12,equal_weight,0.037818559831663726
2,12,oracle_kelly,0.042753657328948085
2,13,naive_kelly,0.0822530922981993
2,13,robust_G0,0.08238921327940528
2,13,robust_G1,0.08436863978733473
2,13,robust_G2,0.0828137050965113
2,13,robust_G3,0.0767711928568317
2,13,robust_G6,0.07567532929465504
2,13,equal_weight,0.06852742463506425
2,13,oracle_kelly,0.0863274551915074
2,14,naive_kelly,0.03475474026078916
2,14,robust_G0,0.03524680088322149
2,14,robust_G1,0.045498532566160155
2,14,robust_G2,0.057019764574253194
2,14,robust_G3,0.047243760225654116
2,14,robust_G6,0.02489220391583946
2,14,equal_weight,0.049362492550244844
2,14,oracle_kelly,0.06007798671464658
2,15,naive_kelly,0.03454358902464093
2,15,robust_G0,0.03503394766721854
2,15,robust_G1,0.06570514523235566
2,15,robust_G2,0.07267538772354132
2,15,robust_G3,0.06985637449783802
2,15,robust_G6,0.044512764920731314
2,15,equal_weight,0.0652625802051311
2,15,oracle_kelly,0.07407495266728994
2,16,naive_kelly,0.06786695251213888
2,16,robust_G0,0.06779389518439867
2,16,robust_G1,0.06912799480254794
2,16,robust_G2,0.07011002492521155
2,16,robust_G3,0.06239508901689458
2,16,robust_G6,0.035625724354854796
2,16,equal_weight,0.0735552295472542
2,16,oracle_kelly,0.08254703986864387
2,17,naive_kelly,0.06497338431265248
2,17,robust_G0,0.065209015990463
2,17,robust_G1,0.08404689376490854
2,17,robust_G2,0.09076496163112817
2,17,robust_G3,0.09023031012222787
2,17,robust_G6,0.04592516796315718
2,17,equal_weight,0.08888816884476561
2,17,oracle_kelly,0.09816375548525615
2,18,naive_kelly,0.058121403473236105
2,18,robust_G0,0.058892121145902004
2,18,robust_G1,0.05546093074201289
2,18,robust_G2,0.05284069685617292
2,18,robust_G3,0.05460746852362171
2,18,robust_G6,0.03098935170172286
2,18,equal_weight,0.07328664378796644
2,18,oracle_kelly,0.08362531654885602
2,19,naive_kelly,0.06552656227642914
2,19,robust_G0,0.06463335739402322
2,19,robust_G1,0.08008430436581143
2,19,robust_G2,0.08236314086879379
2,19,robust_G3,0.08095678299017595
2,19,robust_G6,0.042820674731963465
2,19,equal_weight,0.08028733580988236
2,19,oracle_kelly,0.09240686833276016
2,20,naive_kelly,0.05249051599869282
2,20,robust_G0,0.05144838898505155
2,20,robust_G1,0.06025508889739063
2,20,robust_G2,0.06969924356548132
2,20,robust_G3,0.06600819718602366
2,20,robust_G6,0.04834381114690585
2,20,equal_weight,0.06390730391920112
2,20,oracle_kelly,0.07052054982443468
2,21,naive_kelly,0.07498499291269503
2,21,robust_G0,0.07479871572395388
2,21,robust_G1,0.08737391709559503
2,21,robust_G2,0.08961607921284279
2,21,robust_G3,0.09085771006359941
2,21,robust_G6,0.043240112949081595
2,21,equal_weight,0.09811370274760575
2,21,oracle_kelly,0.10591898650876924
2,22,naive_kelly,0.052914817102019465
2,22,robust_G0,0.05353330122248486
2,22,robust_G1,0.06737631040951828
2,22,robust_G2,0.0767988176196331
2,22,robust_G3,0.07126124826670291
2,22,robust_G6,0.058673927262488004
2,22,equal_weight,0.06524388425975003
2,22,oracle_kelly,0.08095404310508016
2,23,naive_kelly,0.03424804337612483
2,23,robust_G0,0.034703335911170016
2,23,robust_G1,0.0472523702349547
2,23,robust_G2,0.05018295975193268
2,23,robust_G3,0.048740790351623646
2,23,robust_G6,0.028312901098701954
2,23,equal_weight,0.046156866696354146
2,23,oracle_kelly,0.057493686936032976
2,24,naive_kelly,0.07797384231917759
2,24,robust_G0,0.07824022231394698
2,24,robust_G1,0.084348508903641
2,24,robust_G2,0.08439921428058778
2,24,robust_G3,0.08288559990003586
2,24,robust_G6,0.058959117515532726
2,24,equal_weight,0.09025898203241366
2,24,oracle_kelly,0.09266443196995736
2,25,naive_kelly,0.05368628268425932
2,25,robust_G0,0.052787621149778405
2,25,robust_G1,0.05866160788097896
2,25,robust_G2,0.05875841122109613
2,25,robust_G3,0.04441645343811196
2,25,robust_G6,0.03519119481824826
2,25,equal_weight,0.051219224138472054
2,25,oracle_kelly,0.06649344579756172
2,26,naive_kelly,0.029081154596416157
2,26,robust_G0,0.02778775508826084
2,26,robust_G1,0.03388720577708826
2,26,robust_G2,0.03361970341132232
2,26,robust_G3,0.032729621010139695
2,26,robust_G6,0.014031172350971231
2,26,equal_weight,0.02890715688919009
2,26,oracle_kelly,0.04882163948537567
2,27,naive_kelly,0.07473741056703757
2,27,robust_G0,0.07498617872303455
2,27,robust_G1,0.07331689687996296
2,27,robust_G2,0.07682170607919778
2,27,robust_G3,0.07564147007141997
2,27,robust_G6,0.048880166780202704
2,27,equal_weight,0.07513088636125898
2,27,oracle_kelly,0.09061897885235118
2,28,naive_kelly,0.049695588591158975
2,28,robust_G0,0.04863582142582995
2,28,robust_G1,0.06279006808635586
2,28,robust_G2,0.0626691407455543
2,28,robust_G3,0.05401364652155647
2,28,robust_G6,0.039614143365199556
2,28,equal_weight,0.05243304032360339
2,28,oracle_kelly,0.06676655592757154
2,29,naive_kelly,0.023054443107861023
2,29,robust_G0,0.02308144617513759
2,29,robust_G1,0.060690739808589494
2,29,robust_G2,0.0722364734933972
2,29,robust_G3,0.06555731484177454
2,29,robust_G6,0.020167620771251164
2,29,equal_weight,0.0652862676737634
2,29,oracle_kelly,0.07606858619077911
2,30,naive_kelly,0.031220043941367702
2,30,robust_G0,0.03137018632139174
2,30,robust_G1,0.05126537308854817
2,30,robust_G2,0.06878960450068668
2,30,robust_G3,0.06451630994618657
2,30,robust_G6,0.03779506036968691
2,30,equal_weight,0.069246588243164
2,30,oracle_kelly,0.0731851308896021
2,31,naive_kelly,0.07129205981509491
2,31,robust_G0,0.07185542234232145
2,31,robust_G1,0.07075081823754327
2,31,robust_G2,0.07259974672668021
2,31,robust_G3,0.0712113536902529
2,31,robust_G6,0.018873473894740395
2,31,equal_weight,0.09068318625636321
2,31,oracle_kelly,0.09840162231026103
2,32,naive_kelly,0.045736446668184855
2,32,robust_G0,0.04593123459309314
2,32,robust_G1,0.05013005378938422
2,32,robust_G2,0.055519285038663393
2,32,robust_G3,0.055204661216462704
2,32,robust_G6,0.033781634710186095
2,32,equal_weight,0.05112752726789509
2,32,oracle_kelly,0.06464438986509968
2,33,naive_kelly,0.05997894367171059
2,33,robust_G0,0.057582442549072924
2,33,robust_G1,0.0830791341476105
2,33,robust_G2,0.08821695883667913
2,33,robust_G3,0.08547554353421634
2,33,robust_G6,0.05608752587261481
2,33,equal_weight,0.08449195088151576
2,33,oracle_kelly,0.09012881753836559
2,34,naive_kelly,0.03262215412422784
2,34,robust_G0,0.03279822417563849
2,34,robust_G1,0.04934876213692272
2,34,robust_G2,0.05384577433377892
2,34,robust_G3,0.04702876893253953
2,34,robust_G6,0.031425928863475366
2,34,equal_weight,0.04973788458311839
2,34,oracle_kelly,0.05652418771551293
2,35,naive_kelly,0.056364753124574306
2,35,robust_G0,0.05542997034582882
2,35,robust_G1,0.06204786307092157
2,35,robust_G2,0.07661536024819024
2,35,robust_G3,0.06757031467166623
2,35,robust_G6,0.03511872874895861
2,35,equal_weight,0.07523244522880893
2,35,oracle_kelly,0.08940178371137503
2,36,naive_kelly,0.07846209948687012
2,36,robust_G0,0.07834233917468161
2,36,robust_G1,0.08730038753991826
2,36,robust_G2,0.08302326672139096
2,36,robust_G3,0.08166152502728741
2,36,robust_G6,0.06516111951204656
2,36,equal_weight,0.08582330315436937
2,36,oracle_kelly,0.09164551483703054
2,37,naive_kelly,0.08594735359190067
2,37,robust_G0,0.08585639178094275
2,37,robust_G1,0.0961945618707269
2,37,robust_G2,0.10067081342705034
2,37,robust_G3,0.10365518865841844
2,37,robust_G6,0.07580150136416972
2,37,equal_weight,0.1010353515923095
2,37,oracle_kelly,0.10539558376438425
2,38,naive_kelly,0.0695986122162054
2,38,robust_G0,0.06839975653693632
2,38,robust_G1,0.08396136975015092
2,38,robust_G2,0.08407245327462377
2,38,robust_G3,0.0841597249563441
2,38,robust_G6,0.04659117893091307
2,38,equal_weight,0.08523267605611087
2,38,oracle_kelly,0.08968123052545898
2,39,naive_kelly,0.058168518256167465
2,39,robust_G0,0.05795613651238153
2,39,robust_G1,0.05055264169964421
2,39,robust_G2,0.044764210785280964
2,39,robust_G3,0.04250202999325966
2,39,robust_G6,0.014529900235526421
2,39,equal_weight,0.0636242613793979
2,39,oracle_kelly,0.06775844602436074
2,40,naive_kelly,0.042006994163945696
2,40,robust_G0,0.039558608598669304
2,40,robust_G1,0.05832982028973939
2,40,robust_G2,0.06554493666495
2,40,robust_G3,0.0566651067664843
2,40,robust_G6,0.03345407035282928
2,40,equal_weight,0.0637309874371983
2,40,oracle_kelly,0.06731144764864572
2,41,naive_kelly,0.04997017377738254
2,41,robust_G0,0.04772797147943622
2,41,robust_G1,0.07715117473983303
2,41,robust_G2,0.08281029665605921
2,41,robust_G3,0.07200026487186638
2,41,robust_G6,0.05275416073433282
2,41,equal_weight,0.07149345284859193
2,41,oracle_kelly,0.08472796044043308
2,42,naive_kelly,0.0048307055730838835
2,42,robust_G0,0.0010553872195464518
2,42,robust_G1,0.037651931014043315
2,42,robust_G2,0.048917132966057
2,42,robust_G3,0.045913124079607785
2,42,robust_G6,0.009524264705732137
2,42,equal_weight,0.04156332578246202
2,42,oracle_kelly,0.052984878306670855
2,43,naive_kelly,0.023246536247797885
2,43,robust_G0,0.022958755948006476
2,43,robust_G1,0.04109184645865585
2,43,robust_G2,0.05058113706459913
2,43,robust_G3,0.05022694300874623
2,43,robust_G6,0.03598226114873443
2,43,equal_weight,0.05572991546485147
2,43,oracle_kelly,0.0569809483620459
2,44,naive_kelly,0.043238091638293986
2,44,robust_G0,0.04381588018457637
2,44,robust_G1,0.05682323303061876
2,44,robust_G2,0.07181183045277822
2,44,robust_G3,0.06922799258062357
2,44,robust_G6,0.05508192102818966
2,44,equal_weight,0.06617889297803554
2,44,oracle_kelly,0.08106286961724235
2,45,naive_kelly,0.002054031115515463
2,45,robust_G0,-0.00044479435169349213
2,45,robust_G1,0.0318105846309404
2,45,robust_G2,0.03811661086446214
2,45,robust_G3,0.03126628189901298
2,45,robust_G6,0.01431837768177431
2,45,equal_weight,0.0354006651383372
2,45,oracle_kelly,0.042908131683674966
2,46,naive_kelly,0.06042690889337054
2,46,robust_G0,0.061099877136359816
2,46,robust_G1,0.06454601354585439
2,46,robust_G2,0.07166172906408697
2,46,robust_G3,0.06543900118392829
2,46,robust_G6,0.05375052380723906
2,46,equal_weight,0.05407887088435744
2,46,oracle_kelly,0.07226563051197424
2,47,naive_kelly,0.04186149369502852
2,47,robust_G0,0.0421199994325942
2,47,robust_G1,0.05851213677802138
2,47,robust_G2,0.059055211460522866
2,47,robust_G3,0.059475253901868884
2,47,robust_G6,0.02560160682216568
2,47,equal_weight,0.057898114956921355
2,47,oracle_kelly,0.06453082052688679
2,48,naive_kelly,-0.010291311760860204
2,48,robust_G0,-0.010684947122390903
2,48,robust_G1,0.009245885834727335
2,48,robust_G2,0.03572431859395082
2,48,robust_G3,0.024850510825326435
2,48,robust_G6,0.01449504409664238
2,48,equal_weight,0.03293492162728338
2,48,oracle_kelly,0.03842583206609487
2,49,naive_kelly,0.04145703984956965
2,49,robust_G0,0.03970682942673258
2,49,robust_G1,0.060055217938471316
2,49,robust_G2,0.061752421872289805
2,49,robust_G3,0.053710561245037695
2,49,robust_G6,0.043878150911940125
2,49,equal_weight,0.04520628791299625
2,49,oracle_kelly,0.06375629728627971
2,50,naive_kelly,0.0234844571550197
2,50,robust_G0,0.02335365540887554
2,50,robust_G1,0.033296162992948596
2,50,robust_G2,0.03400416857228954
2,50,robust_G3,0.02904313156180883
2,50,robust_G6,0.01582710876953087
2,50,equal_weight,0.02858629279301087
2,50,oracle_kelly,0.04011257269686849
2,51,naive_kelly,0.06524257672449334
2,51,robust_G0,0.06570741803941493
2,51,robust_G1,0.05381286900233296
2,51,robust_G2,0.05785001577853903
2,51,robust_G3,0.058747308935424486
2,51,robust_G6,0.029921710138916098
2,51,equal_weight,0.07801422153407722
2,51,oracle_kelly,0.08934186086199047
2,52,naive_kelly,0.05582953629905453
2,52,robust_G0,0.056399426438421954
2,52,robust_G1,0.0674409814963794
2,52,robust_G2,0.06933192728081108
2,52,robust_G3,0.06855769778589645
2,52,robust_G6,0.04057040721224378
2,52,equal_weight,0.07071765323906554
2,52,oracle_kelly,0.07799106159804631
2,53,naive_kelly,0.051953644682110015
2,53,robust_G0,0.052246279896495565
2,53,robust_G1,0.062344447769636435
2,53,robust_G2,0.06387808379617471
2,53,robust_G3,0.06142307289332223
2,53,robust_G6,0.03948531047286398
2,53,equal_weight,0.0589997876149737
2,53,oracle_kelly,0.06659991311891955
2,54,naive_kelly,0.05659214191808706
2,54,robust_G0,0.05511776855815391
2,54,robust_G1,0.05645362955120095
2,54,robust_G2,0.05989247679251709
2,54,robust_G3,0.06325065947150173
2,54,robust_G6,0.043878386781693514
2,54,equal_weight,0.06367244533511537
2,54,oracle_kelly,0.07238789464258516
2,55,naive_kelly,0.04417383333842041
2,55,robust_G0,0.04412881354646572
2,55,robust_G1,0.05180609940865606
2,55,robust_G2,0.053813442474638276
2,55,robust_G3,0.050465583489260814
2,55,robust_G6,0.036576354329835754
2,55,equal_weight,0.04798896878379659
2,55,oracle_kelly,0.06800245399315988
2,56,naive_kelly,0.05405372575178101
2,56,robust_G0,0.054778148447507266
2,56,robust_G1,0.08583007678223771
2,56,robust_G2,0.10701871008760121
2,56,robust_G3,0.10595610502984787
2,56,robust_G6,0.08062533154444494
2,56,equal_weight,0.10840641356398859
2,56,oracle_kelly,0.11127478853416486
2,57,naive_kelly,0.053854818685851
2,57,robust_G0,0.05306348250801755
2,57,robust_G1,0.06485441813850851
2,57,robust_G2,0.07087538796493517
2,57,robust_G3,0.07132765996193843
2,57,robust_G6,0.03692653729947741
2,57,equal_weight,0.07063774706082895
2,57,oracle_kelly,0.07935425182314702
2,58,naive_kelly,0.013073920779870067
2,58,robust_G0,0.014064839637072491
2,58,robust_G1,0.048654033593097036
2,58,robust_G2,0.06809489021160667
2,58,robust_G3,0.06544791193057604
2,58,robust_G6,0.027766945655401658
2,58,equal_weight,0.0679061385102089
2,58,oracle_kelly,0.0762831798715051
2,59,naive_kelly,0.011326377823556506
2,59,robust_G0,0.012167419091362049
2,59,robust_G1,0.04067859188621774
2,59,robust_G2,0.04772417180962751
2,59,robust_G3,0.04227508473436477
2,59,robust_G6,0.01628955789308386
2,59,equal_weight,0.04135250572656734
2,59,oracle_kelly,0.05287878271003149
2,60,naive_kelly,0.046157398148096086
2,60,robust_G0,0.045647793413201534
2,60,robust_G1,0.05201408041878992
2,60,robust_G2,0.05644260483514904
2,60,robust_G3,0.0545216224923686
2,60,robust_G6,0.025555969281439144
2,60,equal_weight,0.056774888848591915
2,60,oracle_kelly,0.062016411911366004
2,61,naive_kelly,0.09103809161083277
2,61,robust_G0,0.08902261485897156
2,61,robust_G1,0.11181700955472826
2,61,robust_G2,0.11973268576224391
2,61,robust_G3,0.10663071095411383
2,61,robust_G6,0.06655975593691571
2,61,equal_weight,0.12594454276370703
2,61,oracle_kelly,0.12859611781615454
2,62,naive_kelly,0.029068043578892137
2,62,robust_G0,0.02891277345904203
2,62,robust_G1,0.03917648030558257
2,62,robust_G2,0.041435381263426024
2,62,robust_G3,0.034037828075806215
2,62,robust_G6,0.018896100628391442
2,62,equal_weight,0.04692523144443098
2,62,oracle_kelly,0.05374349504433343
2,63,naive_kelly,0.0658507104814826
2,63,robust_G0,0.06615684225327442
2,63,robust_G1,0.08073217502359592
2,63,robust_G2,0.08975346344370869
2,63,robust_G3,0.08210704136301086
2,63,robust_G6,0.05728968256668286
2,63,equal_weight,0.08001662976935718
2,63,oracle_kelly,0.09219679749596708
2,64,naive_kelly,0.06204179878096723
2,64,robust_G0,0.06069571669476544
2,64,robust_G1,0.06741059244532516
2,64,robust_G2,0.07037345483946518
2,64,robust_G3,0.06680041953116693
2,64,robust_G6,0.05740687424882023
2,64,equal_weight,0.061509944706906836
2,64,oracle_kelly,0.07192852282870084
2,65,naive_kelly,0.029515792356325673
2,65,robust_G0,0.029106744803164747
2,65,robust_G1,0.04609789442916863
2,65,robust_G2,0.057549658683443784
2,65,robust_G3,0.05215538121621223
2,65,robust_G6,0.030305726599719546
2,65,equal_weight,0.06412499334021653
2,65,oracle_kelly,0.07074188710857136
2,66,naive_kelly,0.00037709534876360917
2,66,robust_G0,-0.00048182212883467884
2,66,robust_G1,0.025085987254177287
2,66,robust_G2,0.03244811946889087
2,66,robust_G3,0.02616354868006626
2,66,robust_G6,0.01030489661271173
2,66,equal_weight,0.02723113140110938
2,66,oracle_kelly,0.03332646162068163
2,67,naive_kelly,0.06378206025345884
2,67,robust_G0,0.06417662702534398
2,67,robust_G1,0.07174585944880393
2,67,robust_G2,0.07466675044094388
2,67,robust_G3,0.0648230966336613
2,67,robust_G6,0.05242707731923686
2,67,equal_weight,0.07079895753846951
2,67,oracle_kelly,0.0810360394905553
2,68,naive_kelly,0.039121550638324336
2,68,robust_G0,0.039477144917983334
2,68,robust_G1,0.04861499604438032
2,68,robust_G2,0.050427873735820083
2,68,robust_G3,0.04633503843528779
2,68,robust_G6,0.0243272896184398
2,68,equal_weight,0.05073036219849693
2,68,oracle_kelly,0.06294164120676621
2,69,naive_kelly,0.1129003826299151
2,69,robust_G0,0.11243751695682636
2,69,robust_G1,0.10636965899346426
2,69,robust_G2,0.11060382618442015
2,69,robust_G3,0.10725762955878745
2,69,robust_G6,0.06567840353956961
2,69,equal_weight,0.12159884877937478
2,69,oracle_kelly,0.1301192016234345
2,70,naive_kelly,0.08739749612975298
2,70,robust_G0,0.08761051218349633
2,70,robust_G1,0.10364402849299154
2,70,robust_G2,0.11173983831320947
2,70,robust_G3,0.11246990900073313
2,70,robust_G6,0.06213456815013179
2,70,equal_weight,0.11251997672206145
2,70,oracle_kelly,0.12439444617453269
2,71,naive_kelly,0.03627004481860392
2,71,robust_G0,0.03276821179242246
2,71,robust_G1,0.05225096166643048
2,71,robust_G2,0.05852308496192303
2,71,robust_G3,0.054016250011209216
2,71,robust_G6,0.03872022881822963
2,71,equal_weight,0.058530127265846325
2,71,oracle_kelly,0.06959607392820885
2,72,naive_kelly,0.06159837487111622
2,72,robust_G0,0.06223763258559841
2,72,robust_G1,0.06467783070688606
2,72,robust_G2,0.06737740388188695
2,72,robust_G3,0.062037577449827574
2,72,robust_G6,0.030907387056960518
2,72,equal_weight,0.08076445659978981
2,72,oracle_kelly,0.08472469061143356
2,73,naive_kelly,0.010508847786501976
2,73,robust_G0,0.008348327639778587
2,73,robust_G1,0.051267463979792094
2,73,robust_G2,0.05652053858639611
2,73,robust_G3,0.05541207904429628
2,73,robust_G6,0.034300438115657736
2,73,equal_weight,0.051427125473225074
2,73,oracle_kelly,0.06120546336839098
2,74,naive_kelly,0.06921093164973813
2,74,robust_G0,0.06838870530040106
2,74,robust_G1,0.06966873300714377
2,74,robust_G2,0.07226551345360752
2,74,robust_G3,0.07413156267142239
2,74,robust_G6,0.042705639373153706
2,74,equal_weight,0.07429819534626471
2,74,oracle_kelly,0.0840907680251846
2,75,naive_kelly,0.047157205151515814
2,75,robust_G0,0.048270461993229624
2,75,robust_G1,0.07243855020422224
2,75,robust_G2,0.07548288735586162
2,75,robust_G3,0.0672744111478078
2,75,robust_G6,0.0436742746035379
2,75,equal_weight,0.07159271945521956
2,75,oracle_kelly,0.08586422966051721
2,76,naive_kelly,0.0590026651234979
2,76,robust_G0,0.06052790936575891
2,76,robust_G1,0.07293343361438447
2,76,robust_G2,0.07411799630193842
2,76,robust_G3,0.07338125999105558
2,76,robust_G6,0.05568374734927786
2,76,equal_weight,0.06555734909721966
2,76,oracle_kelly,0.0760613519429976
2,77,naive_kelly,0.04518496447447116
2,77,robust_G0,0.045323304837434845
2,77,robust_G1,0.05008775339787637
2,77,robust_G2,0.05204633445207471
2,77,robust_G3,0.05346502461217087
2,77,robust_G6,0.03100637160002547
2,77,equal_weight,0.05519951847914857
2,77,oracle_kelly,0.06361916116108135
2,78,naive_kelly,0.03095097497184368
2,78,robust_G0,0.029831662760950783
2,78,robust_G1,0.0673271227092665
2,78,robust_G2,0.08558713790443227
2,78,robust_G3,0.08238959398064324
2,78,robust_G6,0.053716563211997144
2,78,equal_weight,0.07871337665215401
2,78,oracle_kelly,0.08725458728640112
2,79,naive_kelly,0.04006470944998361
2,79,robust_G0,0.039161009632701575
2,79,robust_G1,0.07309897783966432
2,79,robust_G2,0.07299334628233604
2,79,robust_G3,0.07304732128786426
2,79,robust_G6,0.04836928153250474
2,79,equal_weight,0.07579099198542201
2,79,oracle_kelly,0.08339678505473436
2,80,naive_kelly,0.06659346474830241
2,80,robust_G0,0.06536068668431384
2,80,robust_G1,0.08095055168105184
2,80,robust_G2,0.08722844890434933
2,80,robust_G3,0.08584183889045574
2,80,robust_G6,0.06006144128923177
2,80,equal_weight,0.08466954157709985
2,80,oracle_kelly,0.09125504025575676
2,81,naive_kelly,0.07306720829954855
2,81,robust_G0,0.07300640643283648
2,81,robust_G1,0.07789986035332011
2,81,robust_G2,0.07687337423225113
2,81,robust_G3,0.07354828625608895
2,81,robust_G6,0.068656503124221
2,81,equal_weight,0.06969968236958522
2,81,oracle_kelly,0.08006732954086476
2,82,naive_kelly,0.0529964837783684
2,82,robust_G0,0.05308845407291688
2,82,robust_G1,0.05300005957683923
2,82,robust_G2,0.051039003206261056
2,82,robust_G3,0.05290169112615756
2,82,robust_G6,0.04610450523917655
2,82,equal_weight,0.043553832543843624
2,82,oracle_kelly,0.055487556200464444
2,83,naive_kelly,0.04025945379137593
2,83,robust_G0,0.03946023210102164
2,83,robust_G1,0.053426517039085866
2,83,robust_G2,0.05907671943694137
2,83,robust_G3,0.04131559642569348
2,83,robust_G6,0.021579328379032786
2,83,equal_weight,0.06171217559916044
2,83,oracle_kelly,0.06713194812747261
2,84,naive_kelly,0.025418936239106096
2,84,robust_G0,0.02587869043498287
2,84,robust_G1,0.04826306952459303
2,84,robust_G2,0.05138840435169527
2,84,robust_G3,0.05190982371104698
2,84,robust_G6,0.029918878947044418
2,84,equal_weight,0.04595205151744251
2,84,oracle_kelly,0.05640181634624102
2,85,naive_kelly,0.08753085312042713
2,85,robust_G0,0.0874506998528119
2,85,robust_G1,0.10057716704214564
2,85,robust_G2,0.10565486589613803
2,85,robust_G3,0.10072303261821176
2,85,robust_G6,0.058519494291537646
2,85,equal_weight,0.10656245735041962
2,85,oracle_kelly,0.1094518353268101
2,86,naive_kelly,0.05436910697703363
2,86,robust_G0,0.054511804705782804
2,86,robust_G1,0.058146969772646454
2,86,robust_G2,0.057491180029652374
2,86,robust_G3,0.05241952332289103
2,86,robust_G6,0.01872172360861099
2,86,equal_weight,0.06002164503790966
2,86,oracle_kelly,0.06951199157196081
2,87,naive_kelly,0.0384074372281474
2,87,robust_G0,0.03972953700969101
2,87,robust_G1,0.05454976255525363
2,87,robust_G2,0.05707282934222631
2,87,robust_G3,0.047279390408158
2,87,robust_G6,0.02323892888813353
2,87,equal_weight,0.05658988104460974
2,87,oracle_kelly,0.06888583526151433
2,88,naive_kelly,0.07974704528344463
2,88,robust_G0,0.08045053848276416
2,88,robust_G1,0.0904890266023449
2,88,robust_G2,0.08367735918121708
2,88,robust_G3,0.08146836560035892
2,88,robust_G6,0.0390227983726953
2,88,equal_weight,0.0887593484833413
2,88,oracle_kelly,0.09932921329186783
2,89,naive_kelly,0.03214471817179438
2,89,robust_G0,0.0314800974226245
2,89,robust_G1,0.04522382481660385
2,89,robust_G2,0.050461954869990396
2,89,robust_G3,0.05339447167435644
2,89,robust_G6,0.022435593231027198
2,89,equal_weight,0.05188338414411358
2,89,oracle_kelly,0.06680162491777794
2,90,naive_kelly,0.060437453235178684
2,90,robust_G0,0.05937266790181683
2,90,robust_G1,0.06717856527568285
2,90,robust_G2,0.06962935446309557
2,90,robust_G3,0.0641997841376056
2,90,robust_G6,0.04889941134088742
2,90,equal_weight,0.058013079450710145
2,90,oracle_kelly,0.07027732064496223
2,91,naive_kelly,0.04236380147226569
2,91,robust_G0,0.04178328921652301
2,91,robust_G1,0.06543299180719708
2,91,robust_G2,0.07481347861167767
2,91,robust_G3,0.07324730493140344
2,91,robust_G6,0.06864344594078689
2,91,equal_weight,0.06252488340096711
2,91,oracle_kelly,0.07717852634913189
2,92,naive_kelly,0.00472518435234021
2,92,robust_G0,0.006225966664983496
2,92,robust_G1,0.025902577445999362
2,92,robust_G2,0.042246874759064114
2,92,robust_G3,0.03331438099337758
2,92,robust_G6,0.022765904702630846
2,92,equal_weight,0.03763742175448855
2,92,oracle_kelly,0.04521288287729154
2,93,naive_kelly,0.04189126157071797
2,93,robust_G0,0.04239561689781424
2,93,robust_G1,0.055960444216061646
2,93,robust_G2,0.05937240291394846
2,93,robust_G3,0.05900410037019949
2,93,robust_G6,0.04398156470638377
2,93,equal_weight,0.05255230732039409
2,93,oracle_kelly,0.06246913236586572
2,94,naive_kelly,0.045110990057938394
2,94,robust_G0,0.04622872644798881
2,94,robust_G1,0.06608972359263812
2,94,robust_G2,0.07922421767575988
2,94,robust_G3,0.0790405834178575
2,94,robust_G6,0.054533587769750466
2,94,equal_weight,0.07971062134136303
2,94,oracle_kelly,0.08179186448050307
2,95,naive_kelly,0.069685714237293
2,95,robust_G0,0.06926916089261614
2,95,robust_G1,0.06652801831021493
2,95,robust_G2,0.0625129622861731
2,95,robust_G3,0.06369173892662448
2,95,robust_G6,0.04354133017202792
2,95,equal_weight,0.07121965106049291
2,95,oracle_kelly,0.0787262352207252
2,96,naive_kelly,0.06819008308504643
2,96,robust_G0,0.06905543237592576
2,96,robust_G1,0.0807572003989489
2,96,robust_G2,0.08478021672172809
2,96,robust_G3,0.0679704984539808
2,96,robust_G6,0.050668103950009674
2,96,equal_weight,0.07922434372572791
2,96,oracle_kelly,0.08897507322551745
2,97,naive_kelly,0.03602977848790326
2,97,robust_G0,0.03504729536633816
2,97,robust_G1,0.05154378535456371
2,97,robust_G2,0.04837206829172032
2,97,robust_G3,0.04053688712903258
2,97,robust_G6,0.003313726848484605
2,97,equal_weight,0.0465113487010366
2,97,oracle_kelly,0.07018916900952295
2,98,naive_kelly,0.030698738192081337
2,98,robust_G0,0.03083722799227378
2,98,robust_G1,0.047494211357732165
2,98,robust_G2,0.0680076618752624
2,98,robust_G3,0.05963941813374192
2,98,robust_G6,0.030558358235131845
2,98,equal_weight,0.07124404203832303
2,98,oracle_kelly,0.08461054530273629
2,99,naive_kelly,-0.0026299797980959792
2,99,robust_G0,-0.0037599468128975654
2,99,robust_G1,0.03887452535889383
2,99,robust_G2,0.0526946366878156
2,99,robust_G3,0.0510415509015078
2,99,robust_G6,0.038510323763115764
2,99,equal_weight,0.04752936893024821
2,99,oracle_kelly,0.0549650110229047
2,100,naive_kelly,0.05121014845491734
2,100,robust_G0,0.050261107200038235
2,100,robust_G1,0.07225829599588213
2,100,robust_G2,0.08365297469705409
2,100,robust_G3,0.08372895349831966
2,100,robust_G6,0.05700777594775787
2,100,equal_weight,0.08147526872333173
2,100,oracle_kelly,0.08494436605224484
2,101,naive_kelly,0.07190603197657414
2,101,robust_G0,0.07016375790723053
2,101,robust_G1,0.0935024484324859
2,101,robust_G2,0.08629419544628322
2,101,robust_G3,0.08509061399057155
2,101,robust_G6,0.04087883571936753
2,101,equal_weight,0.09272606412040009
2,101,oracle_kelly,0.10338670259991492
2,102,naive_kelly,0.011241348851473508
2,102,robust_G0,0.008835959788972246
2,102,robust_G1,0.03861018403776637
2,102,robust_G2,0.0467328494438507
2,102,robust_G3,0.04675536803155454
2,102,robust_G6,0.03313155716948417
2,102,equal_weight,0.028605094443002257
2,102,oracle_kelly,0.04887886904907322
2,103,naive_kelly,0.028957420638664574
2,103,robust_G0,0.02908885791960217
2,103,robust_G1,0.06212493503876458
2,103,robust_G2,0.07928331160521407
2,103,robust_G3,0.07687703268684043
2,103,robust_G6,0.028199847800108785
2,103,equal_weight,0.07775178939027615
2,103,oracle_kelly,0.08198947263694412
2,104,naive_kelly,0.032379314676853385
2,104,robust_G0,0.03128287567878595
2,104,robust_G1,0.05342645290533621
2,104,robust_G2,0.06236485823178726
2,104,robust_G3,0.05861829370764321
2,104,robust_G6,0.019032855067772473
2,104,equal_weight,0.05997972022172861
2,104,oracle_kelly,0.06505917007029967
2,105,naive_kelly,0.0362717146270085
2,105,robust_G0,0.035838836926516224
2,105,robust_G1,0.050501969860879896
2,105,robust_G2,0.05691341133077026
2,105,robust_G3,0.057311977168513974
2,105,robust_G6,0.03215131621134501
2,105,equal_weight,0.06105205096169946
2,105,oracle_kelly,0.06852356996610522
2,106,naive_kelly,0.02691017470163852
2,106,robust_G0,0.02699573194447253
2,106,robust_G1,0.03969972545739538
2,106,robust_G2,0.03905553979864031
2,106,robust_G3,0.03708029012840834
2,106,robust_G6,0.009568718286643133
2,106,equal_weight,0.03647708076617896
2,106,oracle_kelly,0.048308332653025664
2,107,naive_kelly,0.06483195982932283
2,107,robust_G0,0.06495389127923647
2,107,robust_G1,0.06642344519865293
2,107,robust_G2,0.0656454899117585
2,107,robust_G3,0.06702191498535887
2,107,robust_G6,0.05240148726545411
2,107,equal_weight,0.07546017850119507
2,107,oracle_kelly,0.08677688053219115
2,108,naive_kelly,0.06178573021529733
2,108,robust_G0,0.06377167955630023
2,108,robust_G1,0.08589188294220498
2,108,robust_G2,0.09427995815159367
2,108,robust_G3,0.088537015685112
2,108,robust_G6,0.05642078892678608
2,108,equal_weight,0.08782711175275837
2,108,oracle_kelly,0.09710902623332746
2,109,naive_kelly,0.0702507053185468
2,109,robust_G0,0.0716582952495707
2,109,robust_G1,0.08305117929587685
2,109,robust_G2,0.087289942119779
2,109,robust_G3,0.0861426581177811
2,109,robust_G6,0.04244414864622076
2,109,equal_weight,0.0863146753658462
2,109,oracle_kelly,0.08978328356303965
2,110,naive_kelly,0.06329037316601449
2,110,robust_G0,0.06219378417966746
2,110,robust_G1,0.07498057850645025
2,110,robust_G2,0.07682195163796464
2,110,robust_G3,0.071933803062338
2,110,robust_G6,0.05700748536354712
2,110,equal_weight,0.060000985817681665
2,110,oracle_kelly,0.08342842636349214
2,111,naive_kelly,-0.012697384213673932
2,111,robust_G0,-0.012850995673991797
2,111,robust_G1,0.03162883664329227
2,111,robust_G2,0.04157535573316646
2,111,robust_G3,0.03501899100060738
2,111,robust_G6,0.009778698530344168
2,111,equal_weight,0.027325376385840396
2,111,oracle_kelly,0.047523810982286044
2,112,naive_kelly,0.0013382422848862638
2,112,robust_G0,0.00041386363106754587
2,112,robust_G1,0.0324477062857426
2,112,robust_G2,0.046101975461571076
2,112,robust_G3,0.04661950535455742
2,112,robust_G6,0.014683480042222141
2,112,equal_weight,0.04427176237368345
2,112,oracle_kelly,0.05849393897810721
2,113,naive_kelly,0.046631550385581116
2,113,robust_G0,0.04789205358272796
2,113,robust_G1,0.0836025357025883
2,113,robust_G2,0.0729247498144785
2,113,robust_G3,0.062355935416408034
2,113,robust_G6,0.02642766170212588
2,113,equal_weight,0.08096956979499814
2,113,oracle_kelly,0.08764008212969139
2,114,naive_kelly,0.01964692381566484
2,114,robust_G0,0.01950045908273671
2,114,robust_G1,0.044671469251730635
2,114,robust_G2,0.0491159563304595
2,114,robust_G3,0.04445729401342792
2,114,robust_G6,0.018633051353780513
2,114,equal_weight,0.04897831897696337
2,114,oracle_kelly,0.055916399295798
2,115,naive_kelly,0.05562642693045283
2,115,robust_G0,0.055393699111944764
2,115,robust_G1,0.06441131343286702
2,115,robust_G2,0.0677788052923111
2,115,robust_G3,0.06837332351900136
2,115,robust_G6,0.059596915828897
2,115,equal_weight,0.06783829107935196
2,115,oracle_kelly,0.07434099248515119
2,116,naive_kelly,0.05465708176757291
2,116,robust_G0,0.05437851886017355
2,116,robust_G1,0.06635119736380558
2,116,robust_G2,0.06783427684768165
2,116,robust_G3,0.06783427684768166
2,116,robust_G6,0.03610874706984263
2,116,equal_weight,0.06981370071860327
2,116,oracle_kelly,0.08004692401055674
2,117,naive_kelly,0.06394742972669272
2,117,robust_G0,0.06392746223850196
2,117,robust_G1,0.06959147385632601
2,117,robust_G2,0.07911470329379658
2,117,robust_G3,0.06888108938723225
2,117,robust_G6,0.05722874897980611
2,117,equal_weight,0.06639323388453114
2,117,oracle_kelly,0.08079238795499581
2,118,naive_kelly,0.025811103834721887
2,118,robust_G0,0.02395962243811487
2,118,robust_G1,0.05045908535231633
2,118,robust_G2,0.06055329795347177
2,118,robust_G3,0.06555605972150358
2,118,robust_G6,0.04399576831354998
2,118,equal_weight,0.07050733948746304
2,118,oracle_kelly,0.07835810295701687
2,119,naive_kelly,0.015269116718010994
2,119,robust_G0,0.01637618626220881
2,119,robust_G1,0.046065482884720746
2,119,robust_G2,0.055765218362202794
2,119,robust_G3,0.05188801001589672
2,119,robust_G6,0.010356900414246993
2,119,equal_weight,0.054878619468228154
2,119,oracle_kelly,0.06220904450391495
2,120,naive_kelly,0.05258355406309526
2,120,robust_G0,0.05258355406309526
2,120,robust_G1,0.0564405400049688
2,120,robust_G2,0.06003562763159644
2,120,robust_G3,0.057965679215441976
2,120,robust_G6,0.057512765855076996
2,120,equal_weight,0.04213329855216145
2,120,oracle_kelly,0.06094501876914713
2,121,naive_kelly,0.039972955724917374
2,121,robust_G0,0.04044061529681768
2,121,robust_G1,0.04695744099247353
2,121,robust_G2,0.04796892523413218
2,121,robust_G3,0.031323439429045564
2,121,robust_G6,0.01125579578355608
2,121,equal_weight,0.049942880306756365
2,121,oracle_kelly,0.05601806043474337
2,122,naive_kelly,0.07474322757226946
2,122,robust_G0,0.07494352288097504
2,122,robust_G1,0.0844054612255127
2,122,robust_G2,0.08579872367149319
2,122,robust_G3,0.07833024712512787
2,122,robust_G6,0.0664808295413673
2,122,equal_weight,0.07469131630136014
2,122,oracle_kelly,0.08911404404951824
2,123,naive_kelly,0.06486246752663719
2,123,robust_G0,0.06527863303445351
2,123,robust_G1,0.08365622968236708
2,123,robust_G2,0.08429946658522663
2,123,robust_G3,0.07967955918949454
2,123,robust_G6,0.06001278060552811
2,123,equal_weight,0.07475001696580562
2,123,oracle_kelly,0.08638069349257793
2,124,naive_kelly,0.03631943007599905
2,124,robust_G0,0.03590915932739544
2,124,robust_G1,0.04975746275704686
2,124,robust_G2,0.053734530311722185
2,124,robust_G3,0.04866702795054223
2,124,robust_G6,0.011876958684687897
2,124,equal_weight,0.0546093439029744
2,124,oracle_kelly,0.06258986790581254
2,125,naive_kelly,0.04177206588673079
2,125,robust_G0,0.04182639498628525
2,125,robust_G1,0.07935610333248033
2,125,robust_G2,0.09195177531114015
2,125,robust_G3,0.09008133722653973
2,125,robust_G6,0.03876191742122355
2,125,equal_weight,0.08571991417309008
2,125,oracle_kelly,0.09445183267718105
2,126,naive_kelly,0.04519438322872667
2,126,robust_G0,0.0457200704063915
2,126,robust_G1,0.06251216363194946
2,126,robust_G2,0.06844972265897468
2,126,robust_G3,0.06568603728561218
2,126,robust_G6,0.052259079569062
2,126,equal_weight,0.057682624039930214
2,126,oracle_kelly,0.06907551209368185
2,127,naive_kelly,0.049323893761227824
2,127,robust_G0,0.0495075108823955
2,127,robust_G1,0.06432448640867248
2,127,robust_G2,0.07384077211900618
2,127,robust_G3,0.07106215392905424
2,127,robust_G6,0.04058812032064603
2,127,equal_weight,0.06510046141257889
2,127,oracle_kelly,0.07550878156760815
2,128,naive_kelly,0.036255276633563885
2,128,robust_G0,0.03720365948620374
2,128,robust_G1,0.04644642060733163
2,128,robust_G2,0.04627105448793737
2,128,robust_G3,0.04045180505414819
2,128,robust_G6,0.026648442012036377
2,128,equal_weight,0.047284536337224056
2,128,oracle_kelly,0.055998177044437575
2,129,naive_kelly,0.06255515621250007
2,129,robust_G0,0.06366841452714493
2,129,robust_G1,0.0691143831545658
2,129,robust_G2,0.058139920203968284
2,129,robust_G3,0.047960569272699725
2,129,robust_G6,0.0221680903016569
2,129,equal_weight,0.08437803380679523
2,129,oracle_kelly,0.09399955075498706
2,130,naive_kelly,0.06928096107653195
2,130,robust_G0,0.06887136725380616
2,130,robust_G1,0.07879985784540144
2,130,robust_G2,0.08058940026886552
2,130,robust_G3,0.0727942050599847
2,130,robust_G6,0.03820474424548845
2,130,equal_weight,0.08523559080407556
2,130,oracle_kelly,0.08941639395612389
2,131,naive_kelly,0.04237076017211745
2,131,robust_G0,0.04197928892445379
2,131,robust_G1,0.054430547333813674
2,131,robust_G2,0.0649460205801411
2,131,robust_G3,0.060554970547476335
2,131,robust_G6,0.02503501127065349
2,131,equal_weight,0.06386746096637444
2,131,oracle_kelly,0.06934313023908836
2,132,naive_kelly,0.049185190266330094
2,132,robust_G0,0.04884161466489638
2,132,robust_G1,0.04821882705079054
2,132,robust_G2,0.05983508187385756
2,132,robust_G3,0.061248750476079965
2,132,robust_G6,0.04239117503929016
2,132,equal_weight,0.050239210946949255
2,132,oracle_kelly,0.06357850412391376
2,133,naive_kelly,0.016025019865769905
2,133,robust_G0,0.01600749262424811
2,133,robust_G1,0.03795697116075654
2,133,robust_G2,0.04467615336481454
2,133,robust_G3,0.03688084537147682
2,133,robust_G6,0.009996054077387129
2,133,equal_weight,0.04306744472325809
2,133,oracle_kelly,0.051514456104204874
2,134,naive_kelly,0.07953389331966015
2,134,robust_G0,0.078963110400498
2,134,robust_G1,0.087115149398294
2,134,robust_G2,0.09105479904749947
2,134,robust_G3,0.08983456975704136
2,134,robust_G6,0.0679814945757348
2,134,equal_weight,0.08152176798210461
2,134,oracle_kelly,0.0932931891847913
2,135,naive_kelly,0.0250054951235619
2,135,robust_G0,0.024929002461572196
2,135,robust_G1,0.030674942787047344
2,135,robust_G2,0.034757403529878064
2,135,robust_G3,0.024364130146389832
2,135,robust_G6,0.007993750434620858
2,135,equal_weight,0.04331292432052056
2,135,oracle_kelly,0.04633795676668148
2,136,naive_kelly,0.05340229044219189
2,136,robust_G0,0.05093543407810388
2,136,robust_G1,0.07175698440207849
2,136,robust_G2,0.0766607913803238
2,136,robust_G3,0.07472952012279221
2,136,robust_G6,0.02301000236612971
2,136,equal_weight,0.08443201921091681
2,136,oracle_kelly,0.09555736150399083
2,137,naive_kelly,0.029359911069651978
2,137,robust_G0,0.029817159244542167
2,137,robust_G1,0.03947108767774447
2,137,robust_G2,0.04428184270316247
2,137,robust_G3,0.030202182585069993
2,137,robust_G6,0.017199405592054885
2,137,equal_weight,0.04653978254832415
2,137,oracle_kelly,0.04961564124675972
2,138,naive_kelly,0.035863245835119656
2,138,robust_G0,0.03700004816226138
2,138,robust_G1,0.050071193203189375
2,138,robust_G2,0.05527657708823986
2,138,robust_G3,0.04158682247950421
2,138,robust_G6,0.03270727531873471
2,138,equal_weight,0.047181594482487085
2,138,oracle_kelly,0.05767455333625983
2,139,naive_kelly,0.0063166541334169594
2,139,robust_G0,0.004999927443815205
2,139,robust_G1,0.03387292640706746
2,139,robust_G2,0.04289291480633957
2,139,robust_G3,0.04141904732533552
2,139,robust_G6,0.007181916033460488
2,139,equal_weight,0.037751771380084974
2,139,oracle_kelly,0.050834374112242856
2,140,naive_kelly,0.02624133193271372
2,140,robust_G0,0.02583286006262065
2,140,robust_G1,0.03376159709576387
2,140,robust_G2,0.04839391219468259
2,140,robust_G3,0.04533896579650508
2,140,robust_G6,0.017634209248633154
2,140,equal_weight,0.05031644906398977
2,140,oracle_kelly,0.056246509818964
2,141,naive_kelly,0.05629810311006076
2,141,robust_G0,0.05687648568809247
2,141,robust_G1,0.07500437718990985
2,141,robust_G2,0.0846964121578037
2,141,robust_G3,0.08160558993577072
2,141,robust_G6,0.06697416268119488
2,141,equal_weight,0.07770627184414985
2,141,oracle_kelly,0.09143944563234788
2,142,naive_kelly,0.02503815955952224
2,142,robust_G0,0.026172130823607816
2,142,robust_G1,0.045419536344115254
2,142,robust_G2,0.052520118656413615
2,142,robust_G3,0.052836200028176857
2,142,robust_G6,0.009934409181017016
2,142,equal_weight,0.04870494147870788
2,142,oracle_kelly,0.067195010730947
2,143,naive_kelly,0.06882117450943506
2,143,robust_G0,0.06858891341336006
2,143,robust_G1,0.07426815285239538
2,143,robust_G2,0.07587280039885033
2,143,robust_G3,0.06976711027185992
2,143,robust_G6,0.06987281617010208
2,143,equal_weight,0.05846444710153824
2,143,oracle_kelly,0.07907542336494178
2,144,naive_kelly,0.02978103021783467
2,144,robust_G0,0.028257717721993692
2,144,robust_G1,0.04202405301595021
2,144,robust_G2,0.043266124919469615
2,144,robust_G3,0.038022144095728475
2,144,robust_G6,0.015603872588457697
2,144,equal_weight,0.04453876840420012
2,144,oracle_kelly,0.05750261307702654
2,145,naive_kelly,0.0285329721961749
2,145,robust_G0,0.028223680377167108
2,145,robust_G1,0.04113396759277772
2,145,robust_G2,0.046802648539943585
2,145,robust_G3,0.04800801631746408
2,145,robust_G6,0.028942004052800112
2,145,equal_weight,0.04788273491457079
2,145,oracle_kelly,0.04971954197404846
2,146,naive_kelly,0.04937082785585979
2,146,robust_G0,0.05144708234448268
2,146,robust_G1,0.06934435436014294
2,146,robust_G2,0.07422956094691452
2,146,robust_G3,0.07168303882408786
2,146,robust_G6,0.04583779197864192
2,146,equal_weight,0.06391319996800002
2,146,oracle_kelly,0.08045785022637063
2,147,naive_kelly,0.02475727794666784
2,147,robust_G0,0.0256500135490561
2,147,robust_G1,0.03475985326718786
2,147,robust_G2,0.04716799307801831
2,147,robust_G3,0.049063007686386814
2,147,robust_G6,0.031147820689804356
2,147,equal_weight,0.036680691370299126
2,147,oracle_kelly,0.0516666701891001
2,148,naive_kelly,0.04707389304480274
2,148,robust_G0,0.04678700225730782
2,148,robust_G1,0.052882097155350444
2,148,robust_G2,0.05539274559697914
2,148,robust_G3,0.05535882315658723
2,148,robust_G6,0.026706839041708876
2,148,equal_weight,0.06192834701151877
2,148,oracle_kelly,0.06396036475216399
2,149,naive_kelly,0.05852540598876077
2,149,robust_G0,0.059246694916964146
2,149,robust_G1,0.08150941961598686
2,149,robust_G2,0.0858873810408537
2,149,robust_G3,0.08639950764811044
2,149,robust_G6,0.048856815885527434
2,149,equal_weight,0.09206843047720825
2,149,oracle_kelly,0.0983203112296897
4,0,naive_kelly,0.03954676897092868
4,0,robust_G0,0.03931122900032821
4,0,robust_G1,0.04302489026705807
4,0,robust_G2,0.04016444561254549
4,0,robust_G3,0.049524379584632586
4,0,robust_G6,0.04467016249148366
4,0,equal_weight,0.04467322034178778
4,0,oracle_kelly,0.0661587656189972
4,1,naive_kelly,-0.019999663768555814
4,1,robust_G0,-0.016902912072284185
4,1,robust_G1,0.017131070404472204
4,1,robust_G2,0.03171803059638187
4,1,robust_G3,0.04153825969547177
4,1,robust_G6,0.025976249793639578
4,1,equal_weight,0.03813640576112859
4,1,oracle_kelly,0.05955390403596687
4,2,naive_kelly,0.05297961145184685
4,2,robust_G0,0.05286526496216027
4,2,robust_G1,0.059191513533876465
4,2,robust_G2,0.05894261797163488
4,2,robust_G3,0.058586431937761196
4,2,robust_G6,0.05975617419486086
4,2,equal_weight,0.0530900291581512
4,2,oracle_kelly,0.06153268729763125
4,3,naive_kelly,0.05774762756218125
4,3,robust_G0,0.0578506181634327
4,3,robust_G1,0.05867747849260889
4,3,robust_G2,0.0563740387183337
4,3,robust_G3,0.05965532885318638
4,3,robust_G6,0.048390636472594714
4,3,equal_weight,0.05127675802232983
4,3,oracle_kelly,0.07011325230328687
4,4,naive_kelly,0.020736112627693693
4,4,robust_G0,0.02006032378362875
4,4,robust_G1,0.03249817046958249
4,4,robust_G2,0.036892419859711395
4,4,robust_G3,0.03812176622202726
4,4,robust_G6,0.03022760229328935
4,4,equal_weight,0.02944590887351077
4,4,oracle_kelly,0.04749025359523431
4,5,naive_kelly,-0.017283331469603924
4,5,robust_G0,-0.01785073331165063
4,5,robust_G1,-0.01056270236967561
4,5,robust_G2,0.006939842984476086
4,5,robust_G3,0.018670638624109274
4,5,robust_G6,0.009608475854568192
4,5,equal_weight,0.018210490525366774
4,5,oracle_kelly,0.027291671590077615
4,6,naive_kelly,0.05313428586848384
4,6,robust_G0,0.05315037761480547
4,6,robust_G1,0.06160075536730287
4,6,robust_G2,0.06629021513880558
4,6,robust_G3,0.0686021871652304
4,6,robust_G6,0.05503910034955124
4,6,equal_weight,0.06935972854388478
4,6,oracle_kelly,0.07326678827523642
4,7,naive_kelly,0.07238967052615576
4,7,robust_G0,0.0722670823150305
4,7,robust_G1,0.07926793617158746
4,7,robust_G2,0.08495496799154598
4,7,robust_G3,0.09050771356781528
4,7,robust_G6,0.081196206959385
4,7,equal_weight,0.090298516455239
4,7,oracle_kelly,0.09465192071602144
4,8,naive_kelly,0.0729450981976185
4,8,robust_G0,0.07342524570751595
4,8,robust_G1,0.08744479927515386
4,8,robust_G2,0.09072175606460126
4,8,robust_G3,0.0925109838721849
4,8,robust_G6,0.07946928311032576
4,8,equal_weight,0.09158464716247225
4,8,oracle_kelly,0.0948233541934302
4,9,naive_kelly,0.06332126941354727
4,9,robust_G0,0.065094985341377
4,9,robust_G1,0.07733564023176337
4,9,robust_G2,0.08290551010904497
4,9,robust_G3,0.08591895280219057
4,9,robust_G6,0.07676496490113077
4,9,equal_weight,0.07910765591117003
4,9,oracle_kelly,0.0893770435168176
4,10,naive_kelly,0.06223851116051087
4,10,robust_G0,0.06215500293435923
4,10,robust_G1,0.07183076338359008
4,10,robust_G2,0.0903039582028797
4,10,robust_G3,0.09581523291930952
4,10,robust_G6,0.08211063547387905
4,10,equal_weight,0.09400785320661625
4,10,oracle_kelly,0.10281894132657521
4,11,naive_kelly,0.10724954265298875
4,11,robust_G0,0.1071817899632415
4,11,robust_G1,0.10966841214872348
4,11,robust_G2,0.1091834728577097
4,11,robust_G3,0.10950883923555021
4,11,robust_G6,0.11027567031736867
4,11,equal_weight,0.10650536612150587
4,11,oracle_kelly,0.11666063999583345
4,12,naive_kelly,0.06037223253909635
4,12,robust_G0,0.05885938952887349
4,12,robust_G1,0.07457747347502995
4,12,robust_G2,0.08112750805785343
4,12,robust_G3,0.08126712164752004
4,12,robust_G6,0.07796174965231664
4,12,equal_weight,0.07801403464353382
4,12,oracle_kelly,0.08505587254206115
4,13,naive_kelly,0.03185814379695777
4,13,robust_G0,0.030213867185942524
4,13,robust_G1,0.061461529460771894
4,13,robust_G2,0.07631289159119985
4,13,robust_G3,0.07619508188816093
4,13,robust_G6,0.054811505263770786
4,13,equal_weight,0.07873349991664597
4,13,oracle_kelly,0.08852211607812889
4,14,naive_kelly,0.09001819325225702
4,14,robust_G0,0.08885900944174974
4,14,robust_G1,0.09007247813733302
4,14,robust_G2,0.08434564670319185
4,14,robust_G3,0.09049190354570005
4,14,robust_G6,0.07848777741669449
4,14,equal_weight,0.10732629454537655
4,14,oracle_kelly,0.11265281896420408
4,15,naive_kelly,0.05250813182157155
4,15,robust_G0,0.052247341277199266
4,15,robust_G1,0.05289973476315062
4,15,robust_G2,0.054482476167783005
4,15,robust_G3,0.057586958897114925
4,15,robust_G6,0.05696025978903391
4,15,equal_weight,0.0553279674051436
4,15,oracle_kelly,0.061932798398729644
4,16,naive_kelly,0.03444117892789955
4,16,robust_G0,0.03549786474518533
4,16,robust_G1,0.03937964438209013
4,16,robust_G2,0.03783546841622319
4,16,robust_G3,0.04124124726803097
4,16,robust_G6,0.041605628815960465
4,16,equal_weight,0.04387727199325239
4,16,oracle_kelly,0.04933040541594936
4,17,naive_kelly,0.06004812729159565
4,17,robust_G0,0.060932750337284
4,17,robust_G1,0.07046138430063324
4,17,robust_G2,0.0716950635499548
4,17,robust_G3,0.06918911108056905
4,17,robust_G6,0.04869838116353457
4,17,equal_weight,0.07862042090439969
4,17,oracle_kelly,0.08738234512303826
4,18,naive_kelly,0.05779822498972396
4,18,robust_G0,0.05818126487500444
4,18,robust_G1,0.05733332223295844
4,18,robust_G2,0.0626590493374155
4,18,robust_G3,0.0736497782681372
4,18,robust_G6,0.06341405273193604
4,18,equal_weight,0.07347107817192311
4,18,oracle_kelly,0.08052592850914334
4,19,naive_kelly,0.0400252591722091
4,19,robust_G0,0.039356939396930954
4,19,robust_G1,0.038445626519119154
4,19,robust_G2,0.042114035838753346
4,19,robust_G3,0.04548031037002836
4,19,robust_G6,0.04780301205164482
4,19,equal_weight,0.03902470317028659
4,19,oracle_kelly,0.057866148996285206
4,20,naive_kelly,0.03796870082218968
4,20,robust_G0,0.038330980162446064
4,20,robust_G1,0.0435153535399636
4,20,robust_G2,0.04635637433762441
4,20,robust_G3,0.04945139663723956
4,20,robust_G6,0.04430537064871041
4,20,equal_weight,0.04726567280944763
4,20,oracle_kelly,0.05629057774526855
4,21,naive_kelly,0.012000938402773545
4,21,robust_G0,0.01057093864873307
4,21,robust_G1,0.02920336461926476
4,21,robust_G2,0.035962474247837606
4,21,robust_G3,0.042621589062454085
4,21,robust_G6,0.0350394362470825
4,21,equal_weight,0.05092967265580835
4,21,oracle_kelly,0.05408740059660893
4,22,naive_kelly,0.04435805244340939
4,22,robust_G0,0.04550027778344513
4,22,robust_G1,0.05011513225576167
4,22,robust_G2,0.05682612328359425
4,22,robust_G3,0.06212803746899002
4,22,robust_G6,0.05649293185906279
4,22,equal_weight,0.06493662457216914
4,22,oracle_kelly,0.06924694564825543
4,23,naive_kelly,0.03743829246517089
4,23,robust_G0,0.03776726378244683
4,23,robust_G1,0.05622914099913983
4,23,robust_G2,0.06101330635271016
4,23,robust_G3,0.057328716873300475
4,23,robust_G6,0.0473864652561823
4,23,equal_weight,0.052114198235188515
4,23,oracle_kelly,0.0755044785201389
4,24,naive_kelly,0.04080004637168573
4,24,robust_G0,0.04021438382291524
4,24,robust_G1,0.049917169892650465
4,24,robust_G2,0.05826557674116699
4,24,robust_G3,0.0583038844609522
4,24,robust_G6,0.03193817925281103
4,24,equal_weight,0.057287531926159256
4,24,oracle_kelly,0.06363332171476611
4,25,naive_kelly,0.03663364063561039
4,25,robust_G0,0.03647851561861377
4,25,robust_G1,0.045631736413800604
4,25,robust_G2,0.04625096795752008
4,25,robust_G3,0.048103444098535585
4,25,robust_G6,0.04446451412102607
4,25,equal_weight,0.05573776201439223
4,25,oracle_kelly,0.06279124857642109
4,26,naive_kelly,0.049921749105169264
4,26,robust_G0,0.04886170848617167
4,26,robust_G1,0.05067781437995607
4,26,robust_G2,0.0514732605771177
4,26,robust_G3,0.05514367768730586
4,26,robust_G6,0.04813075550315456
4,26,equal_weight,0.055951729953411355
4,26,oracle_kelly,0.0701741905235513
4,27,naive_kelly,0.030907822872648275
4,27,robust_G0,0.0313002436991212
4,27,robust_G1,0.03963481087893873
4,27,robust_G2,0.03956682138572536
4,27,robust_G3,0.03899206091161696
4,27,robust_G6,0.024730626799762085
4,27,equal_weight,0.044052905396636165
4,27,oracle_kelly,0.05048714620517181
4,28,naive_kelly,0.03101563098751756
4,28,robust_G0,0.03111337344816108
4,28,robust_G1,0.03940812606122509
4,28,robust_G2,0.04286716970415547
4,28,robust_G3,0.04650627875930395
4,28,robust_G6,0.03286421077279478
4,28,equal_weight,0.04618412393600733
4,28,oracle_kelly,0.05151943233182102
4,29,naive_kelly,0.050691830745307254
4,29,robust_G0,0.05046991630742767
4,29,robust_G1,0.045105617019973274
4,29,robust_G2,0.0437955969416511
4,29,robust_G3,0.046451165173282606
4,29,robust_G6,0.05348827773393809
4,29,equal_weight,0.03570674970755635
4,29,oracle_kelly,0.05541794911642394
4,30,naive_kelly,0.0760521034234628
4,30,robust_G0,0.0758592212132567
4,30,robust_G1,0.07594302004923464
4,30,robust_G2,0.08167676907146491
4,30,robust_G3,0.08468449319124458
4,30,robust_G6,0.07837899226675228
4,30,equal_weight,0.07052294323751677
4,30,oracle_kelly,0.08775596490579471
4,31,naive_kelly,0.008842051902154334
4,31,robust_G0,0.008087394706638405
4,31,robust_G1,0.03119739235389685
4,31,robust_G2,0.03700249598594174
4,31,robust_G3,0.03700249598594173
4,31,robust_G6,0.015582179122728027
4,31,equal_weight,0.043039599819959834
4,31,oracle_kelly,0.047827343173347914
4,32,naive_kelly,0.014965923475822245
4,32,robust_G0,0.015940524929817613
4,32,robust_G1,0.03574684401627784
4,32,robust_G2,0.042311426924131555
4,32,robust_G3,0.041047462937967565
4,32,robust_G6,0.018530288655959775
4,32,equal_weight,0.04893178039353019
4,32,oracle_kelly,0.05374165071598121
4,33,naive_kelly,0.08151688086192234
4,33,robust_G0,0.08077129293672358
4,33,robust_G1,0.09473395153586567
4,33,robust_G2,0.09672505032183226
4,33,robust_G3,0.10020570461295344
4,33,robust_G6,0.07779538604874933
4,33,equal_weight,0.09516709033792191
4,33,oracle_kelly,0.10605986291215731
4,34,naive_kelly,0.0821777437516535
4,34,robust_G0,0.0820647997274197
4,34,robust_G1,0.08407342694001833
4,34,robust_G2,0.07589014211764539
4,34,robust_G3,0.07923745938910048
4,34,robust_G6,0.07088856731559318
4,34,equal_weight,0.08247445442121348
4,34,oracle_kelly,0.09005658294801829
4,35,naive_kelly,0.06690874930055421
4,35,robust_G0,0.06728134173860306
4,35,robust_G1,0.06459586033005085
4,35,robust_G2,0.057777549014854254
4,35,robust_G3,0.05893687839523637
4,35,robust_G6,0.04338433846410934
4,35,equal_weight,0.06568548563697008
4,35,oracle_kelly,0.07792514785739961
4,36,naive_kelly,0.09489082846910192
4,36,robust_G0,0.09600649728349595
4,36,robust_G1,0.09526679512228256
4,36,robust_G2,0.09336530077397032
4,36,robust_G3,0.09371949112100575
4,36,robust_G6,0.06534482980859449
4,36,equal_weight,0.10133773413419184
4,36,oracle_kelly,0.1074361935743475
4,37,naive_kelly,0.02416023546672093
4,37,robust_G0,0.024865447432720292
4,37,robust_G1,0.03066520138105558
4,37,robust_G2,0.03858104948359435
4,37,robust_G3,0.04160737647064023
4,37,robust_G6,0.028546837207352307
4,37,equal_weight,0.040993634316979166
4,37,oracle_kelly,0.05230842897711303
4,38,naive_kelly,0.02786747144504807
4,38,robust_G0,0.0279236775415641
4,38,robust_G1,0.03831420412303744
4,38,robust_G2,0.035076654964077414
4,38,robust_G3,0.03718237358084291
4,38,robust_G6,0.02392496946264029
4,38,equal_weight,0.03379455733619105
4,38,oracle_kelly,0.05016464804779386
4,39,naive_kelly,0.07256819419671062
4,39,robust_G0,0.07336195579327853
4,39,robust_G1,0.07368738436872348
4,39,robust_G2,0.07281270131251497
4,39,robust_G3,0.07227641555341624
4,39,robust_G6,0.0766384261656945
4,39,equal_weight,0.07164187270098038
4,39,oracle_kelly,0.07922374334371014
4,40,naive_kelly,0.047665570690175685
4,40,robust_G0,0.04766166672568912
4,40,robust_G1,0.05893587680147591
4,40,robust_G2,0.048714356430631614
4,40,robust_G3,0.05884148886987496
4,40,robust_G6,0.05687367788599998
4,40,equal_weight,0.0482853309751628
4,40,oracle_kelly,0.06406997403141129
4,41,naive_kelly,0.056852797609537944
4,41,robust_G0,0.05728297674285507
4,41,robust_G1,0.060177462918597324
4,41,robust_G2,0.06512992012282869
4,41,robust_G3,0.07048553240904326
4,41,robust_G6,0.06355223678971539
4,41,equal_weight,0.06502540613883984
4,41,oracle_kelly,0.07335558675341264
4,42,naive_kelly,0.055912337498021436
4,42,robust_G0,0.05743615581403009
4,42,robust_G1,0.0673609526298686
4,42,robust_G2,0.06778149599332585
4,42,robust_G3,0.0924153609576471
4,42,robust_G6,0.0824316094381907
4,42,equal_weight,0.093510856691512
4,42,oracle_kelly,0.10039891513946486
4,43,naive_kelly,0.03716298285685322
4,43,robust_G0,0.03618569671870927
4,43,robust_G1,0.0430885744810491
4,43,robust_G2,0.043016889491192284
4,43,robust_G3,0.04607564846494158
4,43,robust_G6,0.046559118479428244
4,43,equal_weight,0.04519057434639069
4,43,oracle_kelly,0.05479441716624399
4,44,naive_kelly,0.04121057262806223
4,44,robust_G0,0.041011402121788894
4,44,robust_G1,0.04142649559788154
4,44,robust_G2,0.04145823025000134
4,44,robust_G3,0.04177014140579231
4,44,robust_G6,0.042213716172552346
4,44,equal_weight,0.034885800134261485
4,44,oracle_kelly,0.04804653121619149
4,45,naive_kelly,0.05248090418624156
4,45,robust_G0,0.05273560067793768
4,45,robust_G1,0.06302267375248989
4,45,robust_G2,0.06444489838022799
4,45,robust_G3,0.06585518175502042
4,45,robust_G6,0.06180989715043243
4,45,equal_weight,0.06139866278983335
4,45,oracle_kelly,0.06763237381051437
4,46,naive_kelly,0.05953272845477393
4,46,robust_G0,0.05975475853641901
4,46,robust_G1,0.06136149179077474
4,46,robust_G2,0.054369723308609154
4,46,robust_G3,0.04740452916791294
4,46,robust_G6,0.02726440945473683
4,46,equal_weight,0.06477208731546319
4,46,oracle_kelly,0.06940411134544212
4,47,naive_kelly,0.07077313073084543
4,47,robust_G0,0.07103013066748373
4,47,robust_G1,0.07499033778048586
4,47,robust_G2,0.0793570795040014
4,47,robust_G3,0.07980908705612613
4,47,robust_G6,0.08361153065798733
4,47,equal_weight,0.07503661253011108
4,47,oracle_kelly,0.09180802888176283
4,48,naive_kelly,0.07728475126118198
4,48,robust_G0,0.07844960749517652
4,48,robust_G1,0.09191734156917086
4,48,robust_G2,0.09587697718351329
4,48,robust_G3,0.09694051515373067
4,48,robust_G6,0.07729504859603986
4,48,equal_weight,0.10334537273355646
4,48,oracle_kelly,0.11308382602637189
4,49,naive_kelly,0.053413925919825474
4,49,robust_G0,0.054433485646377046
4,49,robust_G1,0.04873766405868281
4,49,robust_G2,0.04937347453127739
4,49,robust_G3,0.052211009378676565
4,49,robust_G6,0.038798920986852135
4,49,equal_weight,0.05364680067759422
4,49,oracle_kelly,0.07021830339232754
4,50,naive_kelly,0.06425922971132127
4,50,robust_G0,0.06258715952264676
4,50,robust_G1,0.07081546626236127
4,50,robust_G2,0.07424606331174226
4,50,robust_G3,0.0745645003097454
4,50,robust_G6,0.04712252279170538
4,50,equal_weight,0.07919448175346665
4,50,oracle_kelly,0.09320904903332852
4,51,naive_kelly,0.024819594217328995
4,51,robust_G0,0.02362353561471313
4,51,robust_G1,0.03592218589122624
4,51,robust_G2,0.03370527861064643
4,51,robust_G3,0.036833711253383306
4,51,robust_G6,0.03654487488954582
4,51,equal_weight,0.038190490287821746
4,51,oracle_kelly,0.04564942469898191
4,52,naive_kelly,-0.010475040247410193
4,52,robust_G0,-0.010939120005479055
4,52,robust_G1,0.011875042650130063
4,52,robust_G2,0.023939051321634337
4,52,robust_G3,0.023476267735464518
4,52,robust_G6,0.014100168967556413
4,52,equal_weight,0.019629946543106794
4,52,oracle_kelly,0.031622991485175334
4,53,naive_kelly,0.04670308843040085
4,53,robust_G0,0.04666444496893542
4,53,robust_G1,0.05840341521392205
4,53,robust_G2,0.058595353064499464
4,53,robust_G3,0.05948959432652121
4,53,robust_G6,0.05056829546855112
4,53,equal_weight,0.05727645407649552
4,53,oracle_kelly,0.06257643923599375
4,54,naive_kelly,0.04840772302404159
4,54,robust_G0,0.0485901175599155
4,54,robust_G1,0.039549395825877916
4,54,robust_G2,0.04780178156290775
4,54,robust_G3,0.05026330167716691
4,54,robust_G6,0.04866684989337459
4,54,equal_weight,0.04127597446379951
4,54,oracle_kelly,0.05463883528926625
4,55,naive_kelly,0.051064840057663895
4,55,robust_G0,0.05098721442178048
4,55,robust_G1,0.04376290202674989
4,55,robust_G2,0.0451668453345362
4,55,robust_G3,0.05485349006730377
4,55,robust_G6,0.05135503560855379
4,55,equal_weight,0.04828724870746888
4,55,oracle_kelly,0.06032934605912349
4,56,naive_kelly,0.09060529167403275
4,56,robust_G0,0.09025482169916645
4,56,robust_G1,0.0908074745711163
4,56,robust_G2,0.09242628318883218
4,56,robust_G3,0.09451339463710602
4,56,robust_G6,0.07642268903028672
4,56,equal_weight,0.09636201641372186
4,56,oracle_kelly,0.0986923183696611
4,57,naive_kelly,0.030526326104184195
4,57,robust_G0,0.028604958667605124
4,57,robust_G1,0.050794548461839124
4,57,robust_G2,0.057864693325140534
4,57,robust_G3,0.05817591224650221
4,57,robust_G6,0.034728280186057635
4,57,equal_weight,0.05307014211233617
4,57,oracle_kelly,0.06721721385310112
4,58,naive_kelly,0.06797607871293602
4,58,robust_G0,0.06891288983673097
4,58,robust_G1,0.07643173995346576
4,58,robust_G2,0.0863828360758013
4,58,robust_G3,0.08839087568446449
4,58,robust_G6,0.07859253064878008
4,58,equal_weight,0.0827469848793413
4,58,oracle_kelly,0.09180271941079587
4,59,naive_kelly,0.0021085507470597915
4,59,robust_G0,0.0023585343640723337
4,59,robust_G1,0.01401123008983126
4,59,robust_G2,0.022964442911890558
4,59,robust_G3,0.024790488266159517
4,59,robust_G6,0.013314932583795139
4,59,equal_weight,0.02637121952739408
4,59,oracle_kelly,0.03956135866793503
4,60,naive_kelly,0.03625613323655705
4,60,robust_G0,0.034343949028935186
4,60,robust_G1,0.05087174020281875
4,60,robust_G2,0.04810696293731517
4,60,robust_G3,0.0460323934009551
4,60,robust_G6,0.03904478902547061
4,60,equal_weight,0.06043692988961617
4,60,oracle_kelly,0.06666118124537707
4,61,naive_kelly,0.017195813743449667
4,61,robust_G0,0.014189511402169935
4,61,robust_G1,0.04215552606285633
4,61,robust_G2,0.06177961703672921
4,61,robust_G3,0.06609867843936978
4,61,robust_G6,0.05517061697017388
4,61,equal_weight,0.05533946409038284
4,61,oracle_kelly,0.07395806193640116
4,62,naive_kelly,0.06035234546179268
4,62,robust_G0,0.06082865606446627
4,62,robust_G1,0.07126343412295326
4,62,robust_G2,0.07560682379882701
4,62,robust_G3,0.07891864947528668
4,62,robust_G6,0.06697639317389502
4,62,equal_weight,0.07220724312857796
4,62,oracle_kelly,0.08265396225485519
4,63,naive_kelly,0.012174498806338453
4,63,robust_G0,0.014323734309822804
4,63,robust_G1,0.025805716957293293
4,63,robust_G2,0.028927883944300924
4,63,robust_G3,0.038981714755619686
4,63,robust_G6,0.032511726414906066
4,63,equal_weight,0.03955984452836385
4,63,oracle_kelly,0.04798966639909439
4,64,naive_kelly,0.0697783580722609
4,64,robust_G0,0.07015093306720281
4,64,robust_G1,0.07354754484672409
4,64,robust_G2,0.07634571641186327
4,64,robust_G3,0.09010863689409404
4,64,robust_G6,0.08047924054544693
4,64,equal_weight,0.08166139044802774
4,64,oracle_kelly,0.09428858884438038
4,65,naive_kelly,0.06464881847457656
4,65,robust_G0,0.06430596040077505
4,65,robust_G1,0.07160112588167494
4,65,robust_G2,0.0764971053532503
4,65,robust_G3,0.08030240953750818
4,65,robust_G6,0.06816863929798456
4,65,equal_weight,0.07817460911731672
4,65,oracle_kelly,0.08576847739301538
4,66,naive_kelly,0.0615492242204435
4,66,robust_G0,0.06147873663636142
4,66,robust_G1,0.06975996443394077
4,66,robust_G2,0.08046004371570824
4,66,robust_G3,0.08523942102488977
4,66,robust_G6,0.06661832408151769
4,66,equal_weight,0.07722906043316424
4,66,oracle_kelly,0.0928549163353594
4,67,naive_kelly,0.031225234166541112
4,67,robust_G0,0.031297904478707936
4,67,robust_G1,0.03260719124236745
4,67,robust_G2,0.03736482296964287
4,67,robust_G3,0.0424161150727965
4,67,robust_G6,0.0389691438753227
4,67,equal_weight,0.04897034929859494
4,67,oracle_kelly,0.04982396856359096
4,68,naive_kelly,0.05100352276789598
4,68,robust_G0,0.051002289726192085
4,68,robust_G1,0.05537384145391464
4,68,robust_G2,0.06254564725685495
4,68,robust_G3,0.07202707295690623
4,68,robust_G6,0.05829827603268635
4,68,equal_weight,0.07309553322751952
4,68,oracle_kelly,0.0753874320359933
4,69,naive_kelly,0.0764456475859725
4,69,robust_G0,0.07660403875884353
4,69,robust_G1,0.0826298065424092
4,69,robust_G2,0.08054268100263065
4,69,robust_G3,0.0822456878293865
4,69,robust_G6,0.07952011457300288
4,69,equal_weight,0.08371297353659023
4,69,oracle_kelly,0.09080892112410395
4,70,naive_kelly,0.06314890238063472
4,70,robust_G0,0.06377544670358543
4,70,robust_G1,0.07122377890670568
4,70,robust_G2,0.07525402111887972
4,70,robust_G3,0.08075595852176515
4,70,robust_G6,0.07123005162850954
4,70,equal_weight,0.08676682713609835
4,70,oracle_kelly,0.09193816399354104
4,71,naive_kelly,0.039031976408813784
4,71,robust_G0,0.03622380729454537
4,71,robust_G1,0.06412352605834952
4,71,robust_G2,0.08405061787949697
4,71,robust_G3,0.08933752755779144
4,71,robust_G6,0.06956745376390336
4,71,equal_weight,0.09235400520244141
4,71,oracle_kelly,0.0949200946956871
4,72,naive_kelly,0.0840662237831677
4,72,robust_G0,0.08353395938049762
4,72,robust_G1,0.07490837888877884
4,72,robust_G2,0.07638852964130044
4,72,robust_G3,0.07827488167483623
4,72,robust_G6,0.062366498009082776
4,72,equal_weight,0.09066435498672251
4,72,oracle_kelly,0.10098085072653945
4,73,naive_kelly,0.022596114611914613
4,73,robust_G0,0.024083167681296012
4,73,robust_G1,0.04625235596127582
4,73,robust_G2,0.05477048700324241
4,73,robust_G3,0.05464409279687461
4,73,robust_G6,0.035290383923665174
4,73,equal_weight,0.06198850747633103
4,73,oracle_kelly,0.06677103880484782
4,74,naive_kelly,0.03791893953406085
4,74,robust_G0,0.03831236374065246
4,74,robust_G1,0.04463199903580031
4,74,robust_G2,0.03751747069479676
4,74,robust_G3,0.03606392508148581
4,74,robust_G6,0.026002764641954446
4,74,equal_weight,0.04221932715892357
4,74,oracle_kelly,0.047198475525675423
4,75,naive_kelly,0.03424263348497521
4,75,robust_G0,0.03384020764869117
4,75,robust_G1,0.030435380524444576
4,75,robust_G2,0.03318751254069463
4,75,robust_G3,0.03500635845823123
4,75,robust_G6,0.03218450769797801
4,75,equal_weight,0.03076700590432586
4,75,oracle_kelly,0.040071897596400285
4,76,naive_kelly,0.03132543084112015
4,76,robust_G0,0.03127956687416315
4,76,robust_G1,0.04960210199943703
4,76,robust_G2,0.061292680462965744
4,76,robust_G3,0.05724942176259201
4,76,robust_G6,0.04191084256709432
4,76,equal_weight,0.05337966820100977
4,76,oracle_kelly,0.06444494319208573
4,77,naive_kelly,0.05962441524783989
4,77,robust_G0,0.058169179473034974
4,77,robust_G1,0.07880818275865542
4,77,robust_G2,0.07686845020442618
4,77,robust_G3,0.0618906288407627
4,77,robust_G6,0.04498538126734095
4,77,equal_weight,0.07621097620981951
4,77,oracle_kelly,0.08233606790439986
4,78,naive_kelly,0.07191027329220209
4,78,robust_G0,0.0731320296972104
4,78,robust_G1,0.09019928922968677
4,78,robust_G2,0.08927690729558543
4,78,robust_G3,0.09778315558813147
4,78,robust_G6,0.09324965354652069
4,78,equal_weight,0.09724339780881376
4,78,oracle_kelly,0.1044503166695536
4,79,naive_kelly,0.0481332006713851
4,79,robust_G0,0.04721209071764448
4,79,robust_G1,0.05613032428477462
4,79,robust_G2,0.05304918476085784
4,79,robust_G3,0.04772214843324271
4,79,robust_G6,0.04055702392296422
4,79,equal_weight,0.060650631287929524
4,79,oracle_kelly,0.06761920831836038
4,80,naive_kelly,0.026324527658346607
4,80,robust_G0,0.028232158259521772
4,80,robust_G1,0.036902307026386125
4,80,robust_G2,0.03407120326307958
4,80,robust_G3,0.03992488144234664
4,80,robust_G6,0.03924262737236296
4,80,equal_weight,0.04140174792531199
4,80,oracle_kelly,0.04934562065694342
4,81,naive_kelly,0.043655580422420806
4,81,robust_G0,0.04401504396989493
4,81,robust_G1,0.04932069639646863
4,81,robust_G2,0.048958108364957495
4,81,robust_G3,0.054417190673039975
4,81,robust_G6,0.051792398474157016
4,81,equal_weight,0.06893519678659266
4,81,oracle_kelly,0.0719010153563154
4,82,naive_kelly,0.03198553477236276
4,82,robust_G0,0.0325216781794891
4,82,robust_G1,0.03778967331391085
4,82,robust_G2,0.041515678348911914
4,82,robust_G3,0.042841944647795255
4,82,robust_G6,0.02918659716054055
4,82,equal_weight,0.03980820348297402
4,82,oracle_kelly,0.04558063420011862
4,83,naive_kelly,0.05715981645076921
4,83,robust_G0,0.0573350342438298
4,83,robust_G1,0.05966171325917272
4,83,robust_G2,0.059661713259172716
4,83,robust_G3,0.059661713259172716
4,83,robust_G6,0.05125545128796213
4,83,equal_weight,0.056574142711872874
4,83,oracle_kelly,0.06327609034871837
4,84,naive_kelly,0.029883112033038617
4,84,robust_G0,0.029391243029388378
4,84,robust_G1,0.0328066150585251
4,84,robust_G2,0.03696227133890935
4,84,robust_G3,0.041500313596525784
4,84,robust_G6,0.03405539578635349
4,84,equal_weight,0.04544527036441663
4,84,oracle_kelly,0.052021586347167165
4,85,naive_kelly,0.05314786144712887
4,85,robust_G0,0.05281591074760909
4,85,robust_G1,0.06160232897689805
4,85,robust_G2,0.05015152532748608
4,85,robust_G3,0.057083446834379215
4,85,robust_G6,0.05865208312690519
4,85,equal_weight,0.05117147427927639
4,85,oracle_kelly,0.06653965065456946
4,86,naive_kelly,0.05713062635404978
4,86,robust_G0,0.057432114573493384
4,86,robust_G1,0.07273593035725429
4,86,robust_G2,0.07876343611724784
4,86,robust_G3,0.07923168062151598
4,86,robust_G6,0.05669670486191054
4,86,equal_weight,0.08817131958877683
4,86,oracle_kelly,0.09107668087093265
4,87,naive_kelly,-0.006655744330428384
4,87,robust_G0,-0.006139647363410947
4,87,robust_G1,0.013561791695598305
4,87,robust_G2,0.025857731729053843
4,87,robust_G3,0.032656552635691435
4,87,robust_G6,0.007042023881178571
4,87,equal_weight,0.026770435762435336
4,87,oracle_kelly,0.034842391245536716
4,88,naive_kelly,0.03443965156503923
4,88,robust_G0,0.03353068832618373
4,88,robust_G1,0.047657818092421436
4,88,robust_G2,0.05064454844671438
4,88,robust_G3,0.05436937422721088
4,88,robust_G6,0.03772345134884216
4,88,equal_weight,0.05154484039448639
4,88,oracle_kelly,0.05705754380332128
4,89,naive_kelly,0.0468559108634181
4,89,robust_G0,0.047266835118372104
4,89,robust_G1,0.054748104972456
4,89,robust_G2,0.056546797788569164
4,89,robust_G3,0.05618228309523977
4,89,robust_G6,0.047011082964555716
4,89,equal_weight,0.051287631367979675
4,89,oracle_kelly,0.06362656493220001
4,90,naive_kelly,0.057371692937277945
4,90,robust_G0,0.05782179794542053
4,90,robust_G1,0.06969708769297765
4,90,robust_G2,0.09123455896602257
4,90,robust_G3,0.0937737521885072
4,90,robust_G6,0.08743707407885959
4,90,equal_weight,0.09172711854760074
4,90,oracle_kelly,0.1031274836341668
4,91,naive_kelly,0.028456358294444206
4,91,robust_G0,0.026460297417163332
4,91,robust_G1,0.04667003373173919
4,91,robust_G2,0.05574933142826975
4,91,robust_G3,0.060771997880944714
4,91,robust_G6,0.04726060653646006
4,91,equal_weight,0.049800485973211614
4,91,oracle_kelly,0.06581761704107846
4,92,naive_kelly,0.06816105077460263
4,92,robust_G0,0.06835057073269565
4,92,robust_G1,0.07615856548964058
4,92,robust_G2,0.07843006680331646
4,92,robust_G3,0.08124594752128644
4,92,robust_G6,0.0748529013237532
4,92,equal_weight,0.07000454909369697
4,92,oracle_kelly,0.0850865401121176
4,93,naive_kelly,0.006428657570429552
4,93,robust_G0,0.0062292562536046606
4,93,robust_G1,0.012996583411271467
4,93,robust_G2,0.01495923841549914
4,93,robust_G3,0.019944925008698624
4,93,robust_G6,0.013679757778093285
4,93,equal_weight,0.018345041281104757
4,93,oracle_kelly,0.02476310030821233
4,94,naive_kelly,0.065869891769641
4,94,robust_G0,0.06627606555779746
4,94,robust_G1,0.07630437853125582
4,94,robust_G2,0.08245186867636366
4,94,robust_G3,0.08402179004957316
4,94,robust_G6,0.06386432113307822
4,94,equal_weight,0.08207966617734408
4,94,oracle_kelly,0.08717958947836117
4,95,naive_kelly,0.04289317989872017
4,95,robust_G0,0.043049464192662305
4,95,robust_G1,0.042777623229358415
4,95,robust_G2,0.04130838825458324
4,95,robust_G3,0.04130838825458324
4,95,robust_G6,0.026903675978554042
4,95,equal_weight,0.04691652186618559
4,95,oracle_kelly,0.0502733061842798
4,96,naive_kelly,0.033790843660980605
4,96,robust_G0,0.03438902337966643
4,96,robust_G1,0.06088967038530839
4,96,robust_G2,0.06999374969144581
4,96,robust_G3,0.07103916565003546
4,96,robust_G6,0.06322987327327569
4,96,equal_weight,0.059242358274067035
4,96,oracle_kelly,0.07201409338521919
4,97,naive_kelly,0.05457897513468149
4,97,robust_G0,0.055199897827419346
4,97,robust_G1,0.05240820252788129
4,97,robust_G2,0.05446241411311351
4,97,robust_G3,0.05688006692644525
4,97,robust_G6,0.05167319924619198
4,97,equal_weight,0.055655834949905635
4,97,oracle_kelly,0.06546369636029929
4,98,naive_kelly,0.043974287611981716
4,98,robust_G0,0.044147363212566765
4,98,robust_G1,0.06078262465007399
4,98,robust_G2,0.06256895920027296
4,98,robust_G3,0.06807614362724966
4,98,robust_G6,0.0545588325440903
4,98,equal_weight,0.06340311683632605
4,98,oracle_kelly,0.07191127110827453
4,99,naive_kelly,0.027523616613466702
4,99,robust_G0,0.025820928577688702
4,99,robust_G1,0.04960518153684132
4,99,robust_G2,0.05615492205871047
4,99,robust_G3,0.05778736888219099
4,99,robust_G6,0.04370687859802379
4,99,equal_weight,0.055150297999913805
4,99,oracle_kelly,0.06704936419077778
4,100,naive_kelly,0.07236373108793547
4,100,robust_G0,0.07218807682001561
4,100,robust_G1,0.07213630486377207
4,100,robust_G2,0.07457200240085005
4,100,robust_G3,0.0784015216532053
4,100,robust_G6,0.07272750050737059
4,100,equal_weight,0.07936359788170269
4,100,oracle_kelly,0.08301052246289178
4,101,naive_kelly,0.056029605008060736
4,101,robust_G0,0.05634345875144169
4,101,robust_G1,0.06345688130332167
4,101,robust_G2,0.07228099870351061
4,101,robust_G3,0.07738036504059087
4,101,robust_G6,0.05496464933150627
4,101,equal_weight,0.08103399921598084
4,101,oracle_kelly,0.08685800871930996
4,102,naive_kelly,0.05427822654089176
4,102,robust_G0,0.05477299316996717
4,102,robust_G1,0.0550937328896905
4,102,robust_G2,0.05378644264141789
4,102,robust_G3,0.05575231183648332
4,102,robust_G6,0.03561493133289592
4,102,equal_weight,0.06967043844960193
4,102,oracle_kelly,0.07950264111127395
4,103,naive_kelly,0.06596277838038545
4,103,robust_G0,0.06626732368987116
4,103,robust_G1,0.06630718361850699
4,103,robust_G2,0.06558402470414454
4,103,robust_G3,0.06679543536524385
4,103,robust_G6,0.06550117668616512
4,103,equal_weight,0.056840650073663006
4,103,oracle_kelly,0.06878017674256785
4,104,naive_kelly,0.038892252766279466
4,104,robust_G0,0.03738838755706438
4,104,robust_G1,0.04678415990488957
4,104,robust_G2,0.05477162884620102
4,104,robust_G3,0.06301261107032248
4,104,robust_G6,0.04848377856889515
4,104,equal_weight,0.055613248188165154
4,104,oracle_kelly,0.06955215184471916
4,105,naive_kelly,0.04755502321052954
4,105,robust_G0,0.04670357890062646
4,105,robust_G1,0.05821761633833686
4,105,robust_G2,0.05875294837696503
4,105,robust_G3,0.05875294837696507
4,105,robust_G6,0.05511430079904977
4,105,equal_weight,0.06094131566348897
4,105,oracle_kelly,0.0684837754547104
4,106,naive_kelly,0.07540850665905863
4,106,robust_G0,0.07626089525056709
4,106,robust_G1,0.08001199881369497
4,106,robust_G2,0.08148846350254557
4,106,robust_G3,0.08447250495251735
4,106,robust_G6,0.07633917001865316
4,106,equal_weight,0.08213959147889445
4,106,oracle_kelly,0.09026377088225418
4,107,naive_kelly,0.051563245788292716
4,107,robust_G0,0.049885589861871735
4,107,robust_G1,0.06274456209204193
4,107,robust_G2,0.062470997221244606
4,107,robust_G3,0.0689786077584552
4,107,robust_G6,0.06740917207223708
4,107,equal_weight,0.06802439329994064
4,107,oracle_kelly,0.07566659222070124
4,108,naive_kelly,0.039955508459771194
4,108,robust_G0,0.039333580268849366
4,108,robust_G1,0.04523145757306228
4,108,robust_G2,0.04606144324485996
4,108,robust_G3,0.051400519094640745
4,108,robust_G6,0.03714904330328243
4,108,equal_weight,0.049201858143910426
4,108,oracle_kelly,0.054794104468644744
4,109,naive_kelly,0.05584064466434671
4,109,robust_G0,0.055746811843326846
4,109,robust_G1,0.05752400476278231
4,109,robust_G2,0.06443960807475962
4,109,robust_G3,0.06533663994722072
4,109,robust_G6,0.055827636425088534
4,109,equal_weight,0.04715610011547863
4,109,oracle_kelly,0.0701083170510825
4,110,naive_kelly,0.034282657707431635
4,110,robust_G0,0.034546526613392574
4,110,robust_G1,0.033893403010543194
4,110,robust_G2,0.03143479337541506
4,110,robust_G3,0.05350108260297336
4,110,robust_G6,0.04215550475526929
4,110,equal_weight,0.06437088070068042
4,110,oracle_kelly,0.08153048103697166
4,111,naive_kelly,0.05423362298746306
4,111,robust_G0,0.054546280762357686
4,111,robust_G1,0.06723209030134716
4,111,robust_G2,0.06686322693643225
4,111,robust_G3,0.06634049652137103
4,111,robust_G6,0.046019346111247694
4,111,equal_weight,0.06966975674711656
4,111,oracle_kelly,0.08454211254996442
4,112,naive_kelly,0.025738300145205274
4,112,robust_G0,0.02500502993039367
4,112,robust_G1,0.04474391590771053
4,112,robust_G2,0.049538873990861855
4,112,robust_G3,0.05452397338334415
4,112,robust_G6,0.029861824453822836
4,112,equal_weight,0.05544924950925301
4,112,oracle_kelly,0.06852796740625547
4,113,naive_kelly,0.020556599352369438
4,113,robust_G0,0.020993061673961696
4,113,robust_G1,0.027202339846524204
4,113,robust_G2,0.035520164468592186
4,113,robust_G3,0.040149119503212004
4,113,robust_G6,0.021794658978346815
4,113,equal_weight,0.03261621890957005
4,113,oracle_kelly,0.04437491311264756
4,114,naive_kelly,0.04128864588870003
4,114,robust_G0,0.04412388705252472
4,114,robust_G1,0.06127202357864568
4,114,robust_G2,0.07478533928620282
4,114,robust_G3,0.07884173958945044
4,114,robust_G6,0.07086100224033522
4,114,equal_weight,0.07593844082975834
4,114,oracle_kelly,0.08888788385305765
4,115,naive_kelly,0.03483692630262571
4,115,robust_G0,0.03331052725202083
4,115,robust_G1,0.04977362748931858
4,115,robust_G2,0.05103865358914846
4,115,robust_G3,0.05097402935118229
4,115,robust_G6,0.03862610793254678
4,115,equal_weight,0.038361093100946424
4,115,oracle_kelly,0.06232771848912803
4,116,naive_kelly,0.06842353956186231
4,116,robust_G0,0.06841377207799812
4,116,robust_G1,0.06246702214157136
4,116,robust_G2,0.07088793763085457
4,116,robust_G3,0.07982317228715582
4,116,robust_G6,0.06808302230232802
4,116,equal_weight,0.06602671169357327
4,116,oracle_kelly,0.08249670075851538
4,117,naive_kelly,0.03771400776190252
4,117,robust_G0,0.03803800124601295
4,117,robust_G1,0.05098253445646921
4,117,robust_G2,0.0510557630814522
4,117,robust_G3,0.051055763081452175
4,117,robust_G6,0.034219433409895375
4,117,equal_weight,0.05058547742206235
4,117,oracle_kelly,0.055412604217636795
4,118,naive_kelly,0.039509235370056184
4,118,robust_G0,0.037815208004298065
4,118,robust_G1,0.059853459672850995
4,118,robust_G2,0.07590424621208147
4,118,robust_G3,0.07682218753858917
4,118,robust_G6,0.0643099491186929
4,118,equal_weight,0.07943210501440096
4,118,oracle_kelly,0.08783348844159278
4,119,naive_kelly,0.017373263650473723
4,119,robust_G0,0.01678798601818879
4,119,robust_G1,0.031492005525491404
4,119,robust_G2,0.0421422305880671
4,119,robust_G3,0.05139319845461824
4,119,robust_G6,0.04218505345368243
4,119,equal_weight,0.04878101630301544
4,119,oracle_kelly,0.05510524315454489
4,120,naive_kelly,0.030631696385924185
4,120,robust_G0,0.031087402771881264
4,120,robust_G1,0.039214141765543165
4,120,robust_G2,0.04195548565343765
4,120,robust_G3,0.046045942251604896
4,120,robust_G6,0.03995333744014865
4,120,equal_weight,0.042082090506502086
4,120,oracle_kelly,0.04805911842431348
4,121,naive_kelly,0.061264315649828247
4,121,robust_G0,0.06102519502052829
4,121,robust_G1,0.05984703859356516
4,121,robust_G2,0.061132580049561173
4,121,robust_G3,0.07027196609488344
4,121,robust_G6,0.06276043890097857
4,121,equal_weight,0.06562952417020756
4,121,oracle_kelly,0.07839363723991602
4,122,naive_kelly,0.06359295464373936
4,122,robust_G0,0.06387068543937506
4,122,robust_G1,0.06499136679230727
4,122,robust_G2,0.06594935434051172
4,122,robust_G3,0.07013791884248895
4,122,robust_G6,0.06435303525381295
4,122,equal_weight,0.06529441417955768
4,122,oracle_kelly,0.0748454882957759
4,123,naive_kelly,0.04046233559352848
4,123,robust_G0,0.04112809385610887
4,123,robust_G1,0.046902838975307115
4,123,robust_G2,0.05128645182980045
4,123,robust_G3,0.0565555984711463
4,123,robust_G6,0.046936081527568306
4,123,equal_weight,0.05123491281806617
4,123,oracle_kelly,0.059619340764598794
4,124,naive_kelly,0.0770640793490254
4,124,robust_G0,0.07736946808718978
4,124,robust_G1,0.08079275448788759
4,124,robust_G2,0.08047380207347829
4,124,robust_G3,0.0776912338328935
4,124,robust_G6,0.054926000135806556
4,124,equal_weight,0.08076773314659148
4,124,oracle_kelly,0.08796521202368987
4,125,naive_kelly,0.012527656262012347
4,125,robust_G0,0.013088310508983295
4,125,robust_G1,0.014749618136589787
4,125,robust_G2,0.01712676482432376
4,125,robust_G3,0.02595750980014223
4,125,robust_G6,0.026431956291987416
4,125,equal_weight,0.03088230987747672
4,125,oracle_kelly,0.03883045508586484
4,126,naive_kelly,0.05956681845008956
4,126,robust_G0,0.058935028883623154
4,126,robust_G1,0.06596834995579617
4,126,robust_G2,0.06516726963554427
4,126,robust_G3,0.06458396376938727
4,126,robust_G6,0.05753079576753921
4,126,equal_weight,0.061914346289773756
4,126,oracle_kelly,0.07526171021658498
4,127,naive_kelly,0.02603496722829066
4,127,robust_G0,0.025062239316978284
4,127,robust_G1,0.032128288827721854
4,127,robust_G2,0.03942518435479943
4,127,robust_G3,0.049834158904241976
4,127,robust_G6,0.0375981968347997
4,127,equal_weight,0.05071211706021545
4,127,oracle_kelly,0.057659035110333885
4,128,naive_kelly,0.057521830046000845
4,128,robust_G0,0.057526411329892155
4,128,robust_G1,0.05359279237070455
4,128,robust_G2,0.05781904261379101
4,128,robust_G3,0.06023413708754955
4,128,robust_G6,0.052251003437570324
4,128,equal_weight,0.06271658313259386
4,128,oracle_kelly,0.0714401828569155
4,129,naive_kelly,0.02922756968736579
4,129,robust_G0,0.028195406082506348
4,129,robust_G1,0.03696260738023851
4,129,robust_G2,0.042068193241787045
4,129,robust_G3,0.05263772023515567
4,129,robust_G6,0.04253430716484759
4,129,equal_weight,0.0477031848205762
4,129,oracle_kelly,0.054750564517251014
4,130,naive_kelly,0.04539245831459171
4,130,robust_G0,0.045181492758080165
4,130,robust_G1,0.04910335580220661
4,130,robust_G2,0.048975576106646046
4,130,robust_G3,0.05270756935886589
4,130,robust_G6,0.04571572943483902
4,130,equal_weight,0.052935673208693565
4,130,oracle_kelly,0.061826256811339186
4,131,naive_kelly,0.04823749138294907
4,131,robust_G0,0.04747707518652203
4,131,robust_G1,0.05394791659667951
4,131,robust_G2,0.05403127572879162
4,131,robust_G3,0.05404192569399855
4,131,robust_G6,0.05719141946744072
4,131,equal_weight,0.06033128080596524
4,131,oracle_kelly,0.06485809082340496
4,132,naive_kelly,0.020172796590400513
4,132,robust_G0,0.020241141537510266
4,132,robust_G1,0.033670791637232356
4,132,robust_G2,0.041088888555163225
4,132,robust_G3,0.044818806133576805
4,132,robust_G6,0.022512093277414616
4,132,equal_weight,0.04680541539385407
4,132,oracle_kelly,0.051003385026570855
4,133,naive_kelly,0.05274847538107003
4,133,robust_G0,0.05342577636850303
4,133,robust_G1,0.06125929844739186
4,133,robust_G2,0.06605797906400006
4,133,robust_G3,0.07093593888355151
4,133,robust_G6,0.055946782658614636
4,133,equal_weight,0.07273699234725364
4,133,oracle_kelly,0.07668412168238828
4,134,naive_kelly,0.051661641384131096
4,134,robust_G0,0.05196297719133531
4,134,robust_G1,0.06868300995156394
4,134,robust_G2,0.06679979875062445
4,134,robust_G3,0.07053343709456947
4,134,robust_G6,0.07172983296102875
4,134,equal_weight,0.06979031924729567
4,134,oracle_kelly,0.0811788748596631
4,135,naive_kelly,0.04051998414518871
4,135,robust_G0,0.04095714038186242
4,135,robust_G1,0.044144847444866867
4,135,robust_G2,0.044253987283599736
4,135,robust_G3,0.04582894175943823
4,135,robust_G6,0.04341457206976949
4,135,equal_weight,0.04903407976471022
4,135,oracle_kelly,0.054053321065101634
4,136,naive_kelly,0.08167991650232757
4,136,robust_G0,0.08171265684872918
4,136,robust_G1,0.08823404953187687
4,136,robust_G2,0.08700969775726532
4,136,robust_G3,0.08837765564423886
4,136,robust_G6,0.0777752158222068
4,136,equal_weight,0.08128657235988988
4,136,oracle_kelly,0.09393277791298003
4,137,naive_kelly,0.04326825825080353
4,137,robust_G0,0.04374298748412
4,137,robust_G1,0.04629195038528794
4,137,robust_G2,0.049013434419556454
4,137,robust_G3,0.05025897555679698
4,137,robust_G6,0.049585668006929984
4,137,equal_weight,0.046304664011517456
4,137,oracle_kelly,0.054420488180740176
4,138,naive_kelly,0.021153837477030646
4,138,robust_G0,0.01966392011256572
4,138,robust_G1,0.03426393687505487
4,138,robust_G2,0.041168348941821586
4,138,robust_G3,0.04850568805312654
4,138,robust_G6,0.03542248967793801
4,138,equal_weight,0.055253668002948564
4,138,oracle_kelly,0.061152853269242365
4,139,naive_kelly,0.019660555342135722
4,139,robust_G0,0.0210883614307912
4,139,robust_G1,0.046010597202400305
4,139,robust_G2,0.058005007510740454
4,139,robust_G3,0.06053973905271823
4,139,robust_G6,0.044743748866334164
4,139,equal_weight,0.06291741932567524
4,139,oracle_kelly,0.07078483570375205
4,140,naive_kelly,0.04027405777492434
4,140,robust_G0,0.03970532192851205
4,140,robust_G1,0.048462541763019444
4,140,robust_G2,0.04814819654284744
4,140,robust_G3,0.05051145220804689
4,140,robust_G6,0.04028302572364829
4,140,equal_weight,0.04156524582891183
4,140,oracle_kelly,0.055842048347636855
4,141,naive_kelly,0.03284061563138807
4,141,robust_G0,0.032667577979616225
4,141,robust_G1,0.03966734669528954
4,141,robust_G2,0.04123818609295464
4,141,robust_G3,0.04416760290590535
4,141,robust_G6,0.027752833773561556
4,141,equal_weight,0.04366180580873185
4,141,oracle_kelly,0.049612110333312004
4,142,naive_kelly,0.049923366805122896
4,142,robust_G0,0.05120417200359856
4,142,robust_G1,0.06450952457591777
4,142,robust_G2,0.06773532933300855
4,142,robust_G3,0.06246281722119103
4,142,robust_G6,0.035731495226832104
4,142,equal_weight,0.06810426011360242
4,142,oracle_kelly,0.08137057597278442
4,143,naive_kelly,0.03889722284449356
4,143,robust_G0,0.038933926926453324
4,143,robust_G1,0.038722581343649885
4,143,robust_G2,0.041467898101928496
4,143,robust_G3,0.04843338314926833
4,143,robust_G6,0.04382298615056187
4,143,equal_weight,0.04683729340114244
4,143,oracle_kelly,0.058576208422401715
4,144,naive_kelly,0.04884967273583404
4,144,robust_G0,0.04986949159392204
4,144,robust_G1,0.060457112128005745
4,144,robust_G2,0.0601802302463164
4,144,robust_G3,0.057405395575372
4,144,robust_G6,0.04214978341969634
4,144,equal_weight,0.06030243263478803
4,144,oracle_kelly,0.06537131837163743
4,145,naive_kelly,0.03025420176448792
4,145,robust_G0,0.030332000682391343
4,145,robust_G1,0.04645180634208226
4,145,robust_G2,0.04863424137982862
4,145,robust_G3,0.051675421059813084
4,145,robust_G6,0.03803699871266668
4,145,equal_weight,0.05324583878460125
4,145,oracle_kelly,0.06000509796825044
4,146,naive_kelly,0.05211319631989065
4,146,robust_G0,0.05370781487138216
4,146,robust_G1,0.07130040962718766
4,146,robust_G2,0.07266990128996456
4,146,robust_G3,0.06641301149533396
4,146,robust_G6,0.06711006318076607
4,146,equal_weight,0.06230348133004852
4,146,oracle_kelly,0.07517742657193642
4,147,naive_kelly,0.028808718018973167
4,147,robust_G0,0.02821131006175044
4,147,robust_G1,0.03299771879747691
4,147,robust_G2,0.03762461888616869
4,147,robust_G3,0.0458760981910334
4,147,robust_G6,0.028252367697202962
4,147,equal_weight,0.03711104679878413
4,147,oracle_kelly,0.05028353869328146
4,148,naive_kelly,0.04852847096386978
4,148,robust_G0,0.04769431066985409
4,148,robust_G1,0.06314196242863562
4,148,robust_G2,0.06386934259420748
4,148,robust_G3,0.06061538070630811
4,148,robust_G6,0.04982761143186934
4,148,equal_weight,0.06616491789139066
4,148,oracle_kelly,0.07262274818372899
4,149,naive_kelly,0.05546714357516322
4,149,robust_G0,0.0553938823771153
4,149,robust_G1,0.04968849879740854
4,149,robust_G2,0.04951916388735382
4,149,robust_G3,0.04536721387551196
4,149,robust_G6,0.03265047471512954
4,149,equal_weight,0.05344108292516487
4,149,oracle_kelly,0.059499110362686326
